query_id,query,query_language,query_class,stratum,query_term_count,relevant_count,or_result_count,and_result_count,or_top10,and_top10,or_relevant_hits@5,and_relevant_hits@5,or_relevant_hits@10,and_relevant_hits@10,or_first_relevant_rank,and_first_relevant_rank,or_zero_result,and_zero_result,or_only_relevant,and_only_relevant,common_relevant,or_ndcg@5,or_ndcg@10,or_recall@5,or_recall@10,or_mrr@5,or_mrr@10,or_precision@5,or_precision@10,or_hit_rate@5,or_hit_rate@10,and_ndcg@5,and_ndcg@10,and_recall@5,and_recall@10,and_mrr@5,and_mrr@10,and_precision@5,and_precision@10,and_hit_rate@5,and_hit_rate@10
QUU0001,як оптимізувати Docker образи через multi-stage build,uk,conceptual,ua_to_ua,6,2,10,0,"[""topic-001-ua.md"", ""topic-001-en.md"", ""topic-034-ua.md"", ""topic-034-en.md"", ""topic-002-en.md"", ""topic-002-ua.md"", ""topic-023-en.md"", ""topic-029-ua.md"", ""topic-032-ua.md"", ""topic-013-ua.md""]",[],1,0,2,0,1.0,0.0,0.0,1.0,"[""topic-001-ua.md"", ""topic-002-ua.md""]",[],[],0.8262346571285599,0.9243382314975351,0.5,1.0,1.0,1.0,0.2,0.2,1.0,1.0,0.0,0.0,0.0,0.0,0.0,0.0,0.0,0.0,0.0,0.0
QEE0001,how to optimize Docker images with multi-stage build,en,conceptual,en_to_en,7,2,10,0,"[""topic-001-ua.md"", ""topic-001-en.md"", ""topic-002-en.md"", ""topic-034-ua.md"", ""topic-034-en.md"", ""topic-002-ua.md"", ""topic-023-en.md"", ""topic-005-en.md"", ""topic-025-en.md"", ""topic-021-en.md""]",[],2,0,2,0,2.0,0.0,0.0,1.0,"[""topic-001-en.md"", ""topic-002-en.md""]",[],[],0.6590018048024133,0.6590018048024133,1.0,1.0,0.5,0.5,0.4,0.2,1.0,1.0,0.0,0.0,0.0,0.0,0.0,0.0,0.0,0.0,0.0,0.0
QUE0001,як оптимізувати Docker образи через multi-stage build,uk,conceptual,ua_to_en,6,2,10,0,"[""topic-001-ua.md"", ""topic-001-en.md"", ""topic-034-ua.md"", ""topic-034-en.md"", ""topic-002-en.md"", ""topic-002-ua.md"", ""topic-023-en.md"", ""topic-029-ua.md"", ""topic-032-ua.md"", ""topic-013-ua.md""]",[],2,0,2,0,2.0,0.0,0.0,1.0,"[""topic-001-en.md"", ""topic-002-en.md""]",[],[],0.6278397607958708,0.6278397607958708,1.0,1.0,0.5,0.5,0.4,0.2,1.0,1.0,0.0,0.0,0.0,0.0,0.0,0.0,0.0,0.0,0.0,0.0
QEU0001,how to optimize Docker images with multi-stage build,en,conceptual,en_to_ua,7,2,10,0,"[""topic-001-ua.md"", ""topic-001-en.md"", ""topic-002-en.md"", ""topic-034-ua.md"", ""topic-034-en.md"", ""topic-002-ua.md"", ""topic-023-en.md"", ""topic-005-en.md"", ""topic-025-en.md"", ""topic-021-en.md""]",[],1,0,2,0,1.0,0.0,0.0,1.0,"[""topic-001-ua.md"", ""topic-002-ua.md""]",[],[],0.8262346571285599,0.9243382314975351,0.5,1.0,1.0,1.0,0.2,0.2,1.0,1.0,0.0,0.0,0.0,0.0,0.0,0.0,0.0,0.0,0.0,0.0
QUU0002,як налаштувати Docker Compose мережі та volumes,uk,conceptual,ua_to_ua,5,2,7,0,"[""topic-002-ua.md"", ""topic-002-en.md"", ""topic-034-ua.md"", ""topic-034-en.md"", ""topic-001-ua.md"", ""topic-001-en.md"", ""topic-014-ua.md""]",[],2,0,2,0,1.0,0.0,0.0,1.0,"[""topic-001-ua.md"", ""topic-002-ua.md""]",[],[],0.9327783893101107,0.9327783893101107,1.0,1.0,1.0,1.0,0.4,0.2857142857142857,1.0,1.0,0.0,0.0,0.0,0.0,0.0,0.0,0.0,0.0,0.0,0.0
QEE0002,how to configure Docker Compose networks and volumes,en,conceptual,en_to_en,6,2,9,0,"[""topic-002-en.md"", ""topic-002-ua.md"", ""topic-034-en.md"", ""topic-034-ua.md"", ""topic-001-ua.md"", ""topic-001-en.md"", ""topic-009-en.md"", ""topic-012-en.md"", ""topic-014-en.md""]",[],1,0,2,0,1.0,0.0,0.0,1.0,"[""topic-001-en.md"", ""topic-002-en.md""]",[],[],0.8262346571285599,0.9243382314975351,0.5,1.0,1.0,1.0,0.2,0.2222222222222222,1.0,1.0,0.0,0.0,0.0,0.0,0.0,0.0,0.0,0.0,0.0,0.0
QUE0002,як налаштувати Docker Compose мережі та volumes,uk,conceptual,ua_to_en,5,2,7,0,"[""topic-002-ua.md"", ""topic-002-en.md"", ""topic-034-ua.md"", ""topic-034-en.md"", ""topic-001-ua.md"", ""topic-001-en.md"", ""topic-014-ua.md""]",[],1,0,2,0,2.0,0.0,0.0,1.0,"[""topic-001-en.md"", ""topic-002-en.md""]",[],[],0.52129602861432,0.6193996029832952,0.5,1.0,0.5,0.5,0.2,0.2857142857142857,1.0,1.0,0.0,0.0,0.0,0.0,0.0,0.0,0.0,0.0,0.0,0.0
QEU0002,how to configure Docker Compose networks and volumes,en,conceptual,en_to_ua,6,2,9,0,"[""topic-002-en.md"", ""topic-002-ua.md"", ""topic-034-en.md"", ""topic-034-ua.md"", ""topic-001-ua.md"", ""topic-001-en.md"", ""topic-009-en.md"", ""topic-012-en.md"", ""topic-014-en.md""]",[],2,0,2,0,2.0,0.0,0.0,1.0,"[""topic-001-ua.md"", ""topic-002-ua.md""]",[],[],0.6278397607958708,0.6278397607958708,1.0,1.0,0.5,0.5,0.4,0.2222222222222222,1.0,1.0,0.0,0.0,0.0,0.0,0.0,0.0,0.0,0.0,0.0,0.0
QUU0003,як розгорнути Kubernetes кластер з k3s,uk,conceptual,ua_to_ua,5,2,10,0,"[""topic-003-ua.md"", ""topic-003-en.md"", ""topic-004-ua.md"", ""topic-049-ua.md"", ""topic-004-en.md"", ""topic-049-en.md"", ""topic-047-ua.md"", ""topic-012-ua.md"", ""topic-033-ua.md"", ""topic-025-ua.md""]",[],2,0,2,0,1.0,0.0,0.0,1.0,"[""topic-003-ua.md"", ""topic-004-ua.md""]",[],[],0.9639404333166532,0.9639404333166532,1.0,1.0,1.0,1.0,0.4,0.2,1.0,1.0,0.0,0.0,0.0,0.0,0.0,0.0,0.0,0.0,0.0,0.0
QEE0003,how to deploy Kubernetes cluster with k3s,en,conceptual,en_to_en,6,2,10,0,"[""topic-003-en.md"", ""topic-003-ua.md"", ""topic-004-ua.md"", ""topic-004-en.md"", ""topic-049-en.md"", ""topic-005-en.md"", ""topic-049-ua.md"", ""topic-025-en.md"", ""topic-021-en.md"", ""topic-008-en.md""]",[],2,0,2,0,1.0,0.0,0.0,1.0,"[""topic-003-en.md"", ""topic-004-en.md""]",[],[],0.944847956559586,0.944847956559586,1.0,1.0,1.0,1.0,0.4,0.2,1.0,1.0,0.0,0.0,0.0,0.0,0.0,0.0,0.0,0.0,0.0,0.0
QUE0003,як розгорнути Kubernetes кластер з k3s,uk,conceptual,ua_to_en,5,2,10,0,"[""topic-003-ua.md"", ""topic-003-en.md"", ""topic-004-ua.md"", ""topic-049-ua.md"", ""topic-004-en.md"", ""topic-049-en.md"", ""topic-047-ua.md"", ""topic-012-ua.md"", ""topic-033-ua.md"", ""topic-025-ua.md""]",[],2,0,2,0,2.0,0.0,0.0,1.0,"[""topic-003-en.md"", ""topic-004-en.md""]",[],[],0.6278397607958708,0.6278397607958708,1.0,1.0,0.5,0.5,0.4,0.2,1.0,1.0,0.0,0.0,0.0,0.0,0.0,0.0,0.0,0.0,0.0,0.0
QEU0003,how to deploy Kubernetes cluster with k3s,en,conceptual,en_to_ua,6,2,10,0,"[""topic-003-en.md"", ""topic-003-ua.md"", ""topic-004-ua.md"", ""topic-004-en.md"", ""topic-049-en.md"", ""topic-005-en.md"", ""topic-049-ua.md"", ""topic-025-en.md"", ""topic-021-en.md"", ""topic-008-en.md""]",[],2,0,2,0,2.0,0.0,0.0,1.0,"[""topic-003-ua.md"", ""topic-004-ua.md""]",[],[],0.6590018048024133,0.6590018048024133,1.0,1.0,0.5,0.5,0.4,0.2,1.0,1.0,0.0,0.0,0.0,0.0,0.0,0.0,0.0,0.0,0.0,0.0
QUU0004,що таке Kubernetes Networking та Ingress,uk,conceptual,ua_to_ua,4,2,6,0,"[""topic-004-ua.md"", ""topic-004-en.md"", ""topic-003-ua.md"", ""topic-003-en.md"", ""topic-049-en.md"", ""topic-049-ua.md""]",[],2,0,2,0,1.0,0.0,0.0,1.0,"[""topic-003-ua.md"", ""topic-004-ua.md""]",[],[],0.9639404333166532,0.9639404333166532,1.0,1.0,1.0,1.0,0.4,0.3333333333333333,1.0,1.0,0.0,0.0,0.0,0.0,0.0,0.0,0.0,0.0,0.0,0.0
QEE0004,what is Kubernetes networking and Ingress,en,conceptual,en_to_en,3,2,6,2,"[""topic-004-ua.md"", ""topic-004-en.md"", ""topic-003-ua.md"", ""topic-003-en.md"", ""topic-049-en.md"", ""topic-049-ua.md""]","[""topic-004-ua.md"", ""topic-004-en.md""]",2,1,2,1,2.0,2.0,0.0,0.0,"[""topic-003-en.md"", ""topic-004-en.md""]","[""topic-004-en.md""]","[""topic-004-en.md""]",0.639909328045346,0.639909328045346,1.0,1.0,0.5,0.5,0.4,0.3333333333333333,1.0,1.0,0.52129602861432,0.52129602861432,0.5,0.5,0.5,0.5,0.5,0.5,1.0,1.0
QUE0004,що таке Kubernetes Networking та Ingress,uk,conceptual,ua_to_en,4,2,6,0,"[""topic-004-ua.md"", ""topic-004-en.md"", ""topic-003-ua.md"", ""topic-003-en.md"", ""topic-049-en.md"", ""topic-049-ua.md""]",[],2,0,2,0,2.0,0.0,0.0,1.0,"[""topic-003-en.md"", ""topic-004-en.md""]",[],[],0.639909328045346,0.639909328045346,1.0,1.0,0.5,0.5,0.4,0.3333333333333333,1.0,1.0,0.0,0.0,0.0,0.0,0.0,0.0,0.0,0.0,0.0,0.0
QEU0004,what is Kubernetes networking and Ingress,en,conceptual,en_to_ua,3,2,6,2,"[""topic-004-ua.md"", ""topic-004-en.md"", ""topic-003-ua.md"", ""topic-003-en.md"", ""topic-049-en.md"", ""topic-049-ua.md""]","[""topic-004-ua.md"", ""topic-004-en.md""]",2,1,2,1,1.0,1.0,0.0,0.0,"[""topic-003-ua.md"", ""topic-004-ua.md""]","[""topic-004-ua.md""]","[""topic-004-ua.md""]",0.9639404333166532,0.9639404333166532,1.0,1.0,1.0,1.0,0.4,0.3333333333333333,1.0,1.0,0.8262346571285599,0.8262346571285599,0.5,0.5,1.0,1.0,0.5,0.5,1.0,1.0
QUU0005,як налаштувати CI/CD пайплайн з GitHub Actions,uk,conceptual,ua_to_ua,7,2,10,0,"[""topic-005-ua.md"", ""topic-005-en.md"", ""topic-047-ua.md"", ""topic-012-ua.md"", ""topic-033-ua.md"", ""topic-025-ua.md"", ""topic-023-ua.md"", ""topic-017-ua.md"", ""topic-026-ua.md"", ""topic-049-ua.md""]",[],1,0,1,0,1.0,0.0,0.0,1.0,"[""topic-005-ua.md""]",[],[],0.8262346571285599,0.8262346571285599,0.5,0.5,1.0,1.0,0.2,0.1,1.0,1.0,0.0,0.0,0.0,0.0,0.0,0.0,0.0,0.0,0.0,0.0
QEE0005,how to set up CI/CD pipeline with GitHub Actions,en,conceptual,en_to_en,9,2,10,0,"[""topic-005-en.md"", ""topic-005-ua.md"", ""topic-014-en.md"", ""topic-025-en.md"", ""topic-003-en.md"", ""topic-027-en.md"", ""topic-016-en.md"", ""topic-021-en.md"", ""topic-008-en.md"", ""topic-017-en.md""]",[],1,0,1,0,1.0,0.0,0.0,1.0,"[""topic-005-en.md""]",[],[],0.8262346571285599,0.8262346571285599,0.5,0.5,1.0,1.0,0.2,0.1,1.0,1.0,0.0,0.0,0.0,0.0,0.0,0.0,0.0,0.0,0.0,0.0
QUE0005,як налаштувати CI/CD пайплайн з GitHub Actions,uk,conceptual,ua_to_en,7,2,10,0,"[""topic-005-ua.md"", ""topic-005-en.md"", ""topic-047-ua.md"", ""topic-012-ua.md"", ""topic-033-ua.md"", ""topic-025-ua.md"", ""topic-023-ua.md"", ""topic-017-ua.md"", ""topic-026-ua.md"", ""topic-049-ua.md""]",[],1,0,1,0,2.0,0.0,0.0,1.0,"[""topic-005-en.md""]",[],[],0.52129602861432,0.52129602861432,0.5,0.5,0.5,0.5,0.2,0.1,1.0,1.0,0.0,0.0,0.0,0.0,0.0,0.0,0.0,0.0,0.0,0.0
QEU0005,how to set up CI/CD pipeline with GitHub Actions,en,conceptual,en_to_ua,9,2,10,0,"[""topic-005-en.md"", ""topic-005-ua.md"", ""topic-014-en.md"", ""topic-025-en.md"", ""topic-003-en.md"", ""topic-027-en.md"", ""topic-016-en.md"", ""topic-021-en.md"", ""topic-008-en.md"", ""topic-017-en.md""]",[],1,0,1,0,2.0,0.0,0.0,1.0,"[""topic-005-ua.md""]",[],[],0.52129602861432,0.52129602861432,0.5,0.5,0.5,0.5,0.2,0.1,1.0,1.0,0.0,0.0,0.0,0.0,0.0,0.0,0.0,0.0,0.0,0.0
QUU0006,що таке Terraform Infrastructure as Code,uk,conceptual,ua_to_ua,5,2,10,0,"[""topic-006-en.md"", ""topic-006-ua.md"", ""topic-021-en.md"", ""topic-015-en.md"", ""topic-025-en.md"", ""topic-023-en.md"", ""topic-021-ua.md"", ""topic-023-ua.md"", ""topic-001-en.md"", ""topic-007-en.md""]",[],1,0,1,0,2.0,0.0,0.0,1.0,"[""topic-006-ua.md""]",[],[],0.52129602861432,0.52129602861432,0.5,0.5,0.5,0.5,0.2,0.1,1.0,1.0,0.0,0.0,0.0,0.0,0.0,0.0,0.0,0.0,0.0,0.0
QEE0006,what is Terraform Infrastructure as Code,en,conceptual,en_to_en,4,2,10,2,"[""topic-006-en.md"", ""topic-006-ua.md"", ""topic-021-en.md"", ""topic-015-en.md"", ""topic-025-en.md"", ""topic-023-en.md"", ""topic-021-ua.md"", ""topic-023-ua.md"", ""topic-001-en.md"", ""topic-007-en.md""]","[""topic-006-en.md"", ""topic-006-ua.md""]",1,1,1,1,1.0,1.0,0.0,0.0,"[""topic-006-en.md""]","[""topic-006-en.md""]","[""topic-006-en.md""]",0.8262346571285599,0.8262346571285599,0.5,0.5,1.0,1.0,0.2,0.1,1.0,1.0,0.8262346571285599,0.8262346571285599,0.5,0.5,1.0,1.0,0.5,0.5,1.0,1.0
QUE0006,що таке Terraform Infrastructure as Code,uk,conceptual,ua_to_en,5,2,10,0,"[""topic-006-en.md"", ""topic-006-ua.md"", ""topic-021-en.md"", ""topic-015-en.md"", ""topic-025-en.md"", ""topic-023-en.md"", ""topic-021-ua.md"", ""topic-023-ua.md"", ""topic-001-en.md"", ""topic-007-en.md""]",[],1,0,1,0,1.0,0.0,0.0,1.0,"[""topic-006-en.md""]",[],[],0.8262346571285599,0.8262346571285599,0.5,0.5,1.0,1.0,0.2,0.1,1.0,1.0,0.0,0.0,0.0,0.0,0.0,0.0,0.0,0.0,0.0,0.0
QEU0006,what is Terraform Infrastructure as Code,en,conceptual,en_to_ua,4,2,10,2,"[""topic-006-en.md"", ""topic-006-ua.md"", ""topic-021-en.md"", ""topic-015-en.md"", ""topic-025-en.md"", ""topic-023-en.md"", ""topic-021-ua.md"", ""topic-023-ua.md"", ""topic-001-en.md"", ""topic-007-en.md""]","[""topic-006-en.md"", ""topic-006-ua.md""]",1,1,1,1,2.0,2.0,0.0,0.0,"[""topic-006-ua.md""]","[""topic-006-ua.md""]","[""topic-006-ua.md""]",0.52129602861432,0.52129602861432,0.5,0.5,0.5,0.5,0.2,0.1,1.0,1.0,0.52129602861432,0.52129602861432,0.5,0.5,0.5,0.5,0.5,0.5,1.0,1.0
QUU0007,як автоматизувати конфігурацію серверів з Ansible,uk,conceptual,ua_to_ua,5,2,10,0,"[""topic-007-ua.md"", ""topic-007-en.md"", ""topic-032-ua.md"", ""topic-046-ua.md"", ""topic-047-ua.md"", ""topic-012-ua.md"", ""topic-033-ua.md"", ""topic-025-ua.md"", ""topic-023-ua.md"", ""topic-017-ua.md""]",[],1,0,1,0,1.0,0.0,0.0,1.0,"[""topic-007-ua.md""]",[],[],0.8262346571285599,0.8262346571285599,0.5,0.5,1.0,1.0,0.2,0.1,1.0,1.0,0.0,0.0,0.0,0.0,0.0,0.0,0.0,0.0,0.0,0.0
QEE0007,how to automate server configuration with Ansible,en,conceptual,en_to_en,6,2,10,0,"[""topic-007-en.md"", ""topic-032-en.md"", ""topic-046-en.md"", ""topic-007-ua.md"", ""topic-030-en.md"", ""topic-011-en.md"", ""topic-034-en.md"", ""topic-034-ua.md"", ""topic-027-ua.md"", ""topic-014-ua.md""]",[],1,0,1,0,1.0,0.0,0.0,1.0,"[""topic-007-en.md""]",[],[],0.8262346571285599,0.8262346571285599,0.5,0.5,1.0,1.0,0.2,0.1,1.0,1.0,0.0,0.0,0.0,0.0,0.0,0.0,0.0,0.0,0.0,0.0
QUE0007,як автоматизувати конфігурацію серверів з Ansible,uk,conceptual,ua_to_en,5,2,10,0,"[""topic-007-ua.md"", ""topic-007-en.md"", ""topic-032-ua.md"", ""topic-046-ua.md"", ""topic-047-ua.md"", ""topic-012-ua.md"", ""topic-033-ua.md"", ""topic-025-ua.md"", ""topic-023-ua.md"", ""topic-017-ua.md""]",[],1,0,1,0,2.0,0.0,0.0,1.0,"[""topic-007-en.md""]",[],[],0.52129602861432,0.52129602861432,0.5,0.5,0.5,0.5,0.2,0.1,1.0,1.0,0.0,0.0,0.0,0.0,0.0,0.0,0.0,0.0,0.0,0.0
QEU0007,how to automate server configuration with Ansible,en,conceptual,en_to_ua,6,2,10,0,"[""topic-007-en.md"", ""topic-032-en.md"", ""topic-046-en.md"", ""topic-007-ua.md"", ""topic-030-en.md"", ""topic-011-en.md"", ""topic-034-en.md"", ""topic-034-ua.md"", ""topic-027-ua.md"", ""topic-014-ua.md""]",[],1,0,1,0,4.0,0.0,0.0,1.0,"[""topic-007-ua.md""]",[],[],0.35583989829307827,0.35583989829307827,0.5,0.5,0.25,0.25,0.2,0.1,1.0,1.0,0.0,0.0,0.0,0.0,0.0,0.0,0.0,0.0,0.0,0.0
QUU0008,як налаштувати резервне копіювання з BorgBackup,uk,conceptual,ua_to_ua,5,2,10,0,"[""topic-008-ua.md"", ""topic-029-ua.md"", ""topic-008-en.md"", ""topic-050-ua.md"", ""topic-047-ua.md"", ""topic-012-ua.md"", ""topic-033-ua.md"", ""topic-025-ua.md"", ""topic-023-ua.md"", ""topic-017-ua.md""]",[],1,0,1,0,1.0,0.0,0.0,1.0,"[""topic-008-ua.md""]",[],[],0.8262346571285599,0.8262346571285599,0.5,0.5,1.0,1.0,0.2,0.1,1.0,1.0,0.0,0.0,0.0,0.0,0.0,0.0,0.0,0.0,0.0,0.0
QEE0008,how to set up backup strategy with BorgBackup,en,conceptual,en_to_en,7,2,10,0,"[""topic-008-en.md"", ""topic-029-ua.md"", ""topic-008-ua.md"", ""topic-050-ua.md"", ""topic-029-en.md"", ""topic-005-en.md"", ""topic-028-ua.md"", ""topic-014-en.md"", ""topic-025-en.md"", ""topic-003-en.md""]",[],1,0,1,0,1.0,0.0,0.0,1.0,"[""topic-008-en.md""]",[],[],0.8262346571285599,0.8262346571285599,0.5,0.5,1.0,1.0,0.2,0.1,1.0,1.0,0.0,0.0,0.0,0.0,0.0,0.0,0.0,0.0,0.0,0.0
QUE0008,як налаштувати резервне копіювання з BorgBackup,uk,conceptual,ua_to_en,5,2,10,0,"[""topic-008-ua.md"", ""topic-029-ua.md"", ""topic-008-en.md"", ""topic-050-ua.md"", ""topic-047-ua.md"", ""topic-012-ua.md"", ""topic-033-ua.md"", ""topic-025-ua.md"", ""topic-023-ua.md"", ""topic-017-ua.md""]",[],1,0,1,0,3.0,0.0,0.0,1.0,"[""topic-008-en.md""]",[],[],0.41311732856427996,0.41311732856427996,0.5,0.5,0.3333333333333333,0.3333333333333333,0.2,0.1,1.0,1.0,0.0,0.0,0.0,0.0,0.0,0.0,0.0,0.0,0.0,0.0
QEU0008,how to set up backup strategy with BorgBackup,en,conceptual,en_to_ua,7,2,10,0,"[""topic-008-en.md"", ""topic-029-ua.md"", ""topic-008-ua.md"", ""topic-050-ua.md"", ""topic-029-en.md"", ""topic-005-en.md"", ""topic-028-ua.md"", ""topic-014-en.md"", ""topic-025-en.md"", ""topic-003-en.md""]",[],1,0,1,0,3.0,0.0,0.0,1.0,"[""topic-008-ua.md""]",[],[],0.41311732856427996,0.41311732856427996,0.5,0.5,0.3333333333333333,0.3333333333333333,0.2,0.1,1.0,1.0,0.0,0.0,0.0,0.0,0.0,0.0,0.0,0.0,0.0,0.0
QUU0009,як налаштувати моніторинг з Prometheus та Grafana,uk,conceptual,ua_to_ua,5,2,10,0,"[""topic-009-ua.md"", ""topic-009-en.md"", ""topic-032-ua.md"", ""topic-010-ua.md"", ""topic-010-en.md"", ""topic-047-ua.md"", ""topic-012-ua.md"", ""topic-033-ua.md"", ""topic-025-ua.md"", ""topic-023-ua.md""]",[],2,0,2,0,1.0,0.0,0.0,1.0,"[""topic-009-ua.md"", ""topic-010-ua.md""]",[],[],0.944847956559586,0.944847956559586,1.0,1.0,1.0,1.0,0.4,0.2,1.0,1.0,0.0,0.0,0.0,0.0,0.0,0.0,0.0,0.0,0.0,0.0
QEE0009,how to set up monitoring with Prometheus and Grafana,en,conceptual,en_to_en,7,2,10,0,"[""topic-009-en.md"", ""topic-009-ua.md"", ""topic-032-en.md"", ""topic-010-en.md"", ""topic-010-ua.md"", ""topic-014-en.md"", ""topic-025-en.md"", ""topic-003-en.md"", ""topic-027-en.md"", ""topic-016-en.md""]",[],2,0,2,0,1.0,0.0,0.0,1.0,"[""topic-009-en.md"", ""topic-010-en.md""]",[],[],0.944847956559586,0.944847956559586,1.0,1.0,1.0,1.0,0.4,0.2,1.0,1.0,0.0,0.0,0.0,0.0,0.0,0.0,0.0,0.0,0.0,0.0
QUE0009,як налаштувати моніторинг з Prometheus та Grafana,uk,conceptual,ua_to_en,5,2,10,0,"[""topic-009-ua.md"", ""topic-009-en.md"", ""topic-032-ua.md"", ""topic-010-ua.md"", ""topic-010-en.md"", ""topic-047-ua.md"", ""topic-012-ua.md"", ""topic-033-ua.md"", ""topic-025-ua.md"", ""topic-023-ua.md""]",[],2,0,2,0,2.0,0.0,0.0,1.0,"[""topic-009-en.md"", ""topic-010-en.md""]",[],[],0.6278397607958708,0.6278397607958708,1.0,1.0,0.5,0.5,0.4,0.2,1.0,1.0,0.0,0.0,0.0,0.0,0.0,0.0,0.0,0.0,0.0,0.0
QEU0009,how to set up monitoring with Prometheus and Grafana,en,conceptual,en_to_ua,7,2,10,0,"[""topic-009-en.md"", ""topic-009-ua.md"", ""topic-032-en.md"", ""topic-010-en.md"", ""topic-010-ua.md"", ""topic-014-en.md"", ""topic-025-en.md"", ""topic-003-en.md"", ""topic-027-en.md"", ""topic-016-en.md""]",[],2,0,2,0,2.0,0.0,0.0,1.0,"[""topic-009-ua.md"", ""topic-010-ua.md""]",[],[],0.6278397607958708,0.6278397607958708,1.0,1.0,0.5,0.5,0.4,0.2,1.0,1.0,0.0,0.0,0.0,0.0,0.0,0.0,0.0,0.0,0.0,0.0
QUU0010,як налаштувати alerting правила Prometheus,uk,conceptual,ua_to_ua,4,2,5,0,"[""topic-010-ua.md"", ""topic-010-en.md"", ""topic-009-ua.md"", ""topic-009-en.md"", ""topic-011-ua.md""]",[],2,0,2,0,1.0,0.0,0.0,1.0,"[""topic-009-ua.md"", ""topic-010-ua.md""]",[],[],0.9639404333166532,0.9639404333166532,1.0,1.0,1.0,1.0,0.4,0.4,1.0,1.0,0.0,0.0,0.0,0.0,0.0,0.0,0.0,0.0,0.0,0.0
QEE0010,how to configure Prometheus alerting rules,en,conceptual,en_to_en,5,2,9,0,"[""topic-010-en.md"", ""topic-010-ua.md"", ""topic-009-en.md"", ""topic-009-ua.md"", ""topic-034-en.md"", ""topic-011-en.md"", ""topic-015-en.md"", ""topic-012-en.md"", ""topic-014-en.md""]",[],2,0,2,0,1.0,0.0,0.0,1.0,"[""topic-009-en.md"", ""topic-010-en.md""]",[],[],0.9639404333166532,0.9639404333166532,1.0,1.0,1.0,1.0,0.4,0.2222222222222222,1.0,1.0,0.0,0.0,0.0,0.0,0.0,0.0,0.0,0.0,0.0,0.0
QUE0010,як налаштувати alerting правила Prometheus,uk,conceptual,ua_to_en,4,2,5,0,"[""topic-010-ua.md"", ""topic-010-en.md"", ""topic-009-ua.md"", ""topic-009-en.md"", ""topic-011-ua.md""]",[],2,0,2,0,2.0,0.0,0.0,1.0,"[""topic-009-en.md"", ""topic-010-en.md""]",[],[],0.639909328045346,0.639909328045346,1.0,1.0,0.5,0.5,0.4,0.4,1.0,1.0,0.0,0.0,0.0,0.0,0.0,0.0,0.0,0.0,0.0,0.0
QEU0010,how to configure Prometheus alerting rules,en,conceptual,en_to_ua,5,2,9,0,"[""topic-010-en.md"", ""topic-010-ua.md"", ""topic-009-en.md"", ""topic-009-ua.md"", ""topic-034-en.md"", ""topic-011-en.md"", ""topic-015-en.md"", ""topic-012-en.md"", ""topic-014-en.md""]",[],2,0,2,0,2.0,0.0,0.0,1.0,"[""topic-009-ua.md"", ""topic-010-ua.md""]",[],[],0.639909328045346,0.639909328045346,1.0,1.0,0.5,0.5,0.4,0.2222222222222222,1.0,1.0,0.0,0.0,0.0,0.0,0.0,0.0,0.0,0.0,0.0,0.0
QUU0011,як налаштувати NFTables фаєрвол,uk,conceptual,ua_to_ua,3,2,2,0,"[""topic-011-ua.md"", ""topic-011-en.md""]",[],1,0,1,0,1.0,0.0,0.0,1.0,"[""topic-011-ua.md""]",[],[],0.8262346571285599,0.8262346571285599,0.5,0.5,1.0,1.0,0.5,0.5,1.0,1.0,0.0,0.0,0.0,0.0,0.0,0.0,0.0,0.0,0.0,0.0
QEE0011,how to configure NFTables firewall,en,conceptual,en_to_en,4,2,8,0,"[""topic-011-en.md"", ""topic-011-ua.md"", ""topic-015-en.md"", ""topic-015-ua.md"", ""topic-034-en.md"", ""topic-009-en.md"", ""topic-012-en.md"", ""topic-014-en.md""]",[],1,0,2,0,1.0,0.0,0.0,1.0,"[""topic-011-en.md"", ""topic-012-en.md""]",[],[],0.8262346571285599,0.9180385079206221,0.5,1.0,1.0,1.0,0.2,0.25,1.0,1.0,0.0,0.0,0.0,0.0,0.0,0.0,0.0,0.0,0.0,0.0
QUE0011,як налаштувати NFTables фаєрвол,uk,conceptual,ua_to_en,3,2,2,0,"[""topic-011-ua.md"", ""topic-011-en.md""]",[],1,0,1,0,2.0,0.0,0.0,1.0,"[""topic-011-en.md""]",[],[],0.52129602861432,0.52129602861432,0.5,0.5,0.5,0.5,0.5,0.5,1.0,1.0,0.0,0.0,0.0,0.0,0.0,0.0,0.0,0.0,0.0,0.0
QEU0011,how to configure NFTables firewall,en,conceptual,en_to_ua,4,2,8,0,"[""topic-011-en.md"", ""topic-011-ua.md"", ""topic-015-en.md"", ""topic-015-ua.md"", ""topic-034-en.md"", ""topic-009-en.md"", ""topic-012-en.md"", ""topic-014-en.md""]",[],1,0,1,0,2.0,0.0,0.0,1.0,"[""topic-011-ua.md""]",[],[],0.52129602861432,0.52129602861432,0.5,0.5,0.5,0.5,0.2,0.125,1.0,1.0,0.0,0.0,0.0,0.0,0.0,0.0,0.0,0.0,0.0,0.0
QUU0012,як налаштувати Fail2ban для захисту SSH,uk,conceptual,ua_to_ua,4,2,4,0,"[""topic-012-en.md"", ""topic-012-ua.md"", ""topic-016-ua.md"", ""topic-016-en.md""]",[],1,0,1,0,2.0,0.0,0.0,1.0,"[""topic-012-ua.md""]",[],[],0.52129602861432,0.52129602861432,0.5,0.5,0.5,0.5,0.25,0.25,1.0,1.0,0.0,0.0,0.0,0.0,0.0,0.0,0.0,0.0,0.0,0.0
QEE0012,how to configure Fail2ban for SSH protection,en,conceptual,en_to_en,5,2,7,0,"[""topic-012-en.md"", ""topic-012-ua.md"", ""topic-016-ua.md"", ""topic-016-en.md"", ""topic-034-en.md"", ""topic-009-en.md"", ""topic-014-en.md""]",[],1,0,1,0,1.0,0.0,0.0,1.0,"[""topic-012-en.md""]",[],[],0.8262346571285599,0.8262346571285599,0.5,0.5,1.0,1.0,0.2,0.14285714285714285,1.0,1.0,0.0,0.0,0.0,0.0,0.0,0.0,0.0,0.0,0.0,0.0
QUE0012,як налаштувати Fail2ban для захисту SSH,uk,conceptual,ua_to_en,4,2,4,0,"[""topic-012-en.md"", ""topic-012-ua.md"", ""topic-016-ua.md"", ""topic-016-en.md""]",[],1,0,1,0,1.0,0.0,0.0,1.0,"[""topic-012-en.md""]",[],[],0.8262346571285599,0.8262346571285599,0.5,0.5,1.0,1.0,0.25,0.25,1.0,1.0,0.0,0.0,0.0,0.0,0.0,0.0,0.0,0.0,0.0,0.0
QEU0012,how to configure Fail2ban for SSH protection,en,conceptual,en_to_ua,5,2,7,0,"[""topic-012-en.md"", ""topic-012-ua.md"", ""topic-016-ua.md"", ""topic-016-en.md"", ""topic-034-en.md"", ""topic-009-en.md"", ""topic-014-en.md""]",[],1,0,1,0,2.0,0.0,0.0,1.0,"[""topic-012-ua.md""]",[],[],0.52129602861432,0.52129602861432,0.5,0.5,0.5,0.5,0.2,0.14285714285714285,1.0,1.0,0.0,0.0,0.0,0.0,0.0,0.0,0.0,0.0,0.0,0.0
QUU0013,як отримати TLS сертифікати Let's Encrypt,uk,conceptual,ua_to_ua,5,2,7,7,"[""topic-013-ua.md"", ""topic-013-en.md"", ""topic-008-en.md"", ""topic-015-en.md"", ""topic-049-en.md"", ""topic-049-ua.md"", ""topic-015-ua.md""]","[""topic-013-ua.md"", ""topic-013-en.md"", ""topic-008-en.md"", ""topic-015-en.md"", ""topic-049-en.md"", ""topic-049-ua.md"", ""topic-015-ua.md""]",1,1,1,1,1.0,1.0,0.0,0.0,"[""topic-013-ua.md""]","[""topic-013-ua.md""]","[""topic-013-ua.md""]",0.8262346571285599,0.8262346571285599,0.5,0.5,1.0,1.0,0.2,0.14285714285714285,1.0,1.0,0.8262346571285599,0.8262346571285599,0.5,0.5,1.0,1.0,0.2,0.14285714285714285,1.0,1.0
QEE0013,how to obtain Let's Encrypt TLS certificates,en,conceptual,en_to_en,6,2,7,7,"[""topic-013-en.md"", ""topic-013-ua.md"", ""topic-015-en.md"", ""topic-008-en.md"", ""topic-049-en.md"", ""topic-049-ua.md"", ""topic-015-ua.md""]","[""topic-013-en.md"", ""topic-013-ua.md"", ""topic-015-en.md"", ""topic-008-en.md"", ""topic-049-en.md"", ""topic-049-ua.md"", ""topic-015-ua.md""]",1,1,1,1,1.0,1.0,0.0,0.0,"[""topic-013-en.md""]","[""topic-013-en.md""]","[""topic-013-en.md""]",0.8262346571285599,0.8262346571285599,0.5,0.5,1.0,1.0,0.2,0.14285714285714285,1.0,1.0,0.8262346571285599,0.8262346571285599,0.5,0.5,1.0,1.0,0.2,0.14285714285714285,1.0,1.0
QUE0013,як отримати TLS сертифікати Let's Encrypt,uk,conceptual,ua_to_en,5,2,7,7,"[""topic-013-ua.md"", ""topic-013-en.md"", ""topic-008-en.md"", ""topic-015-en.md"", ""topic-049-en.md"", ""topic-049-ua.md"", ""topic-015-ua.md""]","[""topic-013-ua.md"", ""topic-013-en.md"", ""topic-008-en.md"", ""topic-015-en.md"", ""topic-049-en.md"", ""topic-049-ua.md"", ""topic-015-ua.md""]",1,1,1,1,2.0,2.0,0.0,0.0,"[""topic-013-en.md""]","[""topic-013-en.md""]","[""topic-013-en.md""]",0.52129602861432,0.52129602861432,0.5,0.5,0.5,0.5,0.2,0.14285714285714285,1.0,1.0,0.52129602861432,0.52129602861432,0.5,0.5,0.5,0.5,0.2,0.14285714285714285,1.0,1.0
QEU0013,how to obtain Let's Encrypt TLS certificates,en,conceptual,en_to_ua,6,2,7,7,"[""topic-013-en.md"", ""topic-013-ua.md"", ""topic-015-en.md"", ""topic-008-en.md"", ""topic-049-en.md"", ""topic-049-ua.md"", ""topic-015-ua.md""]","[""topic-013-en.md"", ""topic-013-ua.md"", ""topic-015-en.md"", ""topic-008-en.md"", ""topic-049-en.md"", ""topic-049-ua.md"", ""topic-015-ua.md""]",1,1,1,1,2.0,2.0,0.0,0.0,"[""topic-013-ua.md""]","[""topic-013-ua.md""]","[""topic-013-ua.md""]",0.52129602861432,0.52129602861432,0.5,0.5,0.5,0.5,0.2,0.14285714285714285,1.0,1.0,0.52129602861432,0.52129602861432,0.5,0.5,0.5,0.5,0.2,0.14285714285714285,1.0,1.0
QUU0014,як налаштувати Tailscale VPN,uk,conceptual,ua_to_ua,3,2,4,0,"[""topic-014-ua.md"", ""topic-014-en.md"", ""topic-015-en.md"", ""topic-015-ua.md""]",[],1,0,1,0,1.0,0.0,0.0,1.0,"[""topic-014-ua.md""]",[],[],0.8262346571285599,0.8262346571285599,0.5,0.5,1.0,1.0,0.25,0.25,1.0,1.0,0.0,0.0,0.0,0.0,0.0,0.0,0.0,0.0,0.0,0.0
QEE0014,how to set up Tailscale VPN,en,conceptual,en_to_en,5,2,8,0,"[""topic-014-en.md"", ""topic-014-ua.md"", ""topic-015-en.md"", ""topic-015-ua.md"", ""topic-027-en.md"", ""topic-016-en.md"", ""topic-025-en.md"", ""topic-003-en.md""]",[],1,0,1,0,1.0,0.0,0.0,1.0,"[""topic-014-en.md""]",[],[],0.8262346571285599,0.8262346571285599,0.5,0.5,1.0,1.0,0.2,0.125,1.0,1.0,0.0,0.0,0.0,0.0,0.0,0.0,0.0,0.0,0.0,0.0
QUE0014,як налаштувати Tailscale VPN,uk,conceptual,ua_to_en,3,2,4,0,"[""topic-014-ua.md"", ""topic-014-en.md"", ""topic-015-en.md"", ""topic-015-ua.md""]",[],1,0,1,0,2.0,0.0,0.0,1.0,"[""topic-014-en.md""]",[],[],0.52129602861432,0.52129602861432,0.5,0.5,0.5,0.5,0.25,0.25,1.0,1.0,0.0,0.0,0.0,0.0,0.0,0.0,0.0,0.0,0.0,0.0
QEU0014,how to set up Tailscale VPN,en,conceptual,en_to_ua,5,2,8,0,"[""topic-014-en.md"", ""topic-014-ua.md"", ""topic-015-en.md"", ""topic-015-ua.md"", ""topic-027-en.md"", ""topic-016-en.md"", ""topic-025-en.md"", ""topic-003-en.md""]",[],1,0,1,0,2.0,0.0,0.0,1.0,"[""topic-014-ua.md""]",[],[],0.52129602861432,0.52129602861432,0.5,0.5,0.5,0.5,0.2,0.125,1.0,1.0,0.0,0.0,0.0,0.0,0.0,0.0,0.0,0.0,0.0,0.0
QUU0015,як провести аудит безпеки інфраструктури,uk,conceptual,ua_to_ua,4,2,4,0,"[""topic-015-ua.md"", ""topic-016-ua.md"", ""topic-006-ua.md"", ""topic-045-ua.md""]",[],2,0,2,0,1.0,0.0,0.0,1.0,"[""topic-015-ua.md"", ""topic-016-ua.md""]",[],[],1.0,1.0,1.0,1.0,1.0,1.0,0.5,0.5,1.0,1.0,0.0,0.0,0.0,0.0,0.0,0.0,0.0,0.0,0.0,0.0
QEE0015,how to conduct infrastructure security audit,en,conceptual,en_to_en,5,2,5,0,"[""topic-015-en.md"", ""topic-016-en.md"", ""topic-006-en.md"", ""topic-006-ua.md"", ""topic-045-en.md""]",[],2,0,2,0,1.0,0.0,0.0,1.0,"[""topic-015-en.md"", ""topic-016-en.md""]",[],[],1.0,1.0,1.0,1.0,1.0,1.0,0.4,0.4,1.0,1.0,0.0,0.0,0.0,0.0,0.0,0.0,0.0,0.0,0.0,0.0
QUE0015,як провести аудит безпеки інфраструктури,uk,conceptual,ua_to_en,4,2,4,0,"[""topic-015-ua.md"", ""topic-016-ua.md"", ""topic-006-ua.md"", ""topic-045-ua.md""]",[],0,0,0,0,0.0,0.0,0.0,1.0,[],[],[],0.0,0.0,0.0,0.0,0.0,0.0,0.0,0.0,0.0,0.0,0.0,0.0,0.0,0.0,0.0,0.0,0.0,0.0,0.0,0.0
QEU0015,how to conduct infrastructure security audit,en,conceptual,en_to_ua,5,2,5,0,"[""topic-015-en.md"", ""topic-016-en.md"", ""topic-006-en.md"", ""topic-006-ua.md"", ""topic-045-en.md""]",[],0,0,0,0,0.0,0.0,0.0,1.0,[],[],[],0.0,0.0,0.0,0.0,0.0,0.0,0.0,0.0,0.0,0.0,0.0,0.0,0.0,0.0,0.0,0.0,0.0,0.0,0.0,0.0
QUU0016,як посилити безпеку SSH сервера,uk,conceptual,ua_to_ua,4,2,5,0,"[""topic-030-ua.md"", ""topic-016-ua.md"", ""topic-016-en.md"", ""topic-012-en.md"", ""topic-012-ua.md""]",[],1,0,1,0,2.0,0.0,0.0,1.0,"[""topic-016-ua.md""]",[],[],0.52129602861432,0.52129602861432,0.5,0.5,0.5,0.5,0.2,0.2,1.0,1.0,0.0,0.0,0.0,0.0,0.0,0.0,0.0,0.0,0.0,0.0
QEE0016,how to harden SSH server security,en,conceptual,en_to_en,5,2,10,0,"[""topic-016-en.md"", ""topic-015-en.md"", ""topic-016-ua.md"", ""topic-012-en.md"", ""topic-012-ua.md"", ""topic-046-en.md"", ""topic-032-en.md"", ""topic-046-ua.md"", ""topic-007-en.md"", ""topic-030-en.md""]",[],2,0,2,0,1.0,0.0,0.0,1.0,"[""topic-015-en.md"", ""topic-016-en.md""]",[],[],1.0,1.0,1.0,1.0,1.0,1.0,0.4,0.2,1.0,1.0,0.0,0.0,0.0,0.0,0.0,0.0,0.0,0.0,0.0,0.0
QUE0016,як посилити безпеку SSH сервера,uk,conceptual,ua_to_en,4,2,5,0,"[""topic-030-ua.md"", ""topic-016-ua.md"", ""topic-016-en.md"", ""topic-012-en.md"", ""topic-012-ua.md""]",[],1,0,1,0,3.0,0.0,0.0,1.0,"[""topic-016-en.md""]",[],[],0.41311732856427996,0.41311732856427996,0.5,0.5,0.3333333333333333,0.3333333333333333,0.2,0.2,1.0,1.0,0.0,0.0,0.0,0.0,0.0,0.0,0.0,0.0,0.0,0.0
QEU0016,how to harden SSH server security,en,conceptual,en_to_ua,5,2,10,0,"[""topic-016-en.md"", ""topic-015-en.md"", ""topic-016-ua.md"", ""topic-012-en.md"", ""topic-012-ua.md"", ""topic-046-en.md"", ""topic-032-en.md"", ""topic-046-ua.md"", ""topic-007-en.md"", ""topic-030-en.md""]",[],1,0,1,0,3.0,0.0,0.0,1.0,"[""topic-016-ua.md""]",[],[],0.41311732856427996,0.41311732856427996,0.5,0.5,0.3333333333333333,0.3333333333333333,0.2,0.1,1.0,1.0,0.0,0.0,0.0,0.0,0.0,0.0,0.0,0.0,0.0,0.0
QUU0017,як створити API Gateway з FastAPI,uk,conceptual,ua_to_ua,5,2,10,1,"[""topic-017-ua.md"", ""topic-017-en.md"", ""topic-018-ua.md"", ""topic-018-en.md"", ""topic-005-ua.md"", ""topic-020-ua.md"", ""topic-019-ua.md"", ""topic-024-ua.md"", ""topic-024-en.md"", ""topic-020-en.md""]","[""topic-017-ua.md""]",2,1,2,1,1.0,1.0,0.0,0.0,"[""topic-017-ua.md"", ""topic-018-ua.md""]","[""topic-017-ua.md""]","[""topic-017-ua.md""]",0.9639404333166532,0.9639404333166532,1.0,1.0,1.0,1.0,0.4,0.2,1.0,1.0,0.8262346571285599,0.8262346571285599,0.5,0.5,1.0,1.0,1.0,1.0,1.0,1.0
QEE0017,how to build API Gateway with FastAPI,en,conceptual,en_to_en,6,2,10,0,"[""topic-017-en.md"", ""topic-017-ua.md"", ""topic-018-ua.md"", ""topic-018-en.md"", ""topic-001-ua.md"", ""topic-001-en.md"", ""topic-019-en.md"", ""topic-023-en.md"", ""topic-024-ua.md"", ""topic-024-en.md""]",[],2,0,2,0,1.0,0.0,0.0,1.0,"[""topic-017-en.md"", ""topic-018-en.md""]",[],[],0.944847956559586,0.944847956559586,1.0,1.0,1.0,1.0,0.4,0.2,1.0,1.0,0.0,0.0,0.0,0.0,0.0,0.0,0.0,0.0,0.0,0.0
QUE0017,як створити API Gateway з FastAPI,uk,conceptual,ua_to_en,5,2,10,1,"[""topic-017-ua.md"", ""topic-017-en.md"", ""topic-018-ua.md"", ""topic-018-en.md"", ""topic-005-ua.md"", ""topic-020-ua.md"", ""topic-019-ua.md"", ""topic-024-ua.md"", ""topic-024-en.md"", ""topic-020-en.md""]","[""topic-017-ua.md""]",2,0,2,0,2.0,0.0,0.0,0.0,"[""topic-017-en.md"", ""topic-018-en.md""]",[],[],0.639909328045346,0.639909328045346,1.0,1.0,0.5,0.5,0.4,0.2,1.0,1.0,0.0,0.0,0.0,0.0,0.0,0.0,0.0,0.0,0.0,0.0
QEU0017,how to build API Gateway with FastAPI,en,conceptual,en_to_ua,6,2,10,0,"[""topic-017-en.md"", ""topic-017-ua.md"", ""topic-018-ua.md"", ""topic-018-en.md"", ""topic-001-ua.md"", ""topic-001-en.md"", ""topic-019-en.md"", ""topic-023-en.md"", ""topic-024-ua.md"", ""topic-024-en.md""]",[],2,0,2,0,2.0,0.0,0.0,1.0,"[""topic-017-ua.md"", ""topic-018-ua.md""]",[],[],0.6590018048024133,0.6590018048024133,1.0,1.0,0.5,0.5,0.4,0.2,1.0,1.0,0.0,0.0,0.0,0.0,0.0,0.0,0.0,0.0,0.0,0.0
QUU0018,як налаштувати rate limiting в API Gateway,uk,conceptual,ua_to_ua,5,2,4,0,"[""topic-018-ua.md"", ""topic-018-en.md"", ""topic-017-ua.md"", ""topic-017-en.md""]",[],2,0,2,0,1.0,0.0,0.0,1.0,"[""topic-017-ua.md"", ""topic-018-ua.md""]",[],[],0.9639404333166532,0.9639404333166532,1.0,1.0,1.0,1.0,0.5,0.5,1.0,1.0,0.0,0.0,0.0,0.0,0.0,0.0,0.0,0.0,0.0,0.0
QEE0018,how to configure rate limiting in API Gateway,en,conceptual,en_to_en,6,2,8,0,"[""topic-018-ua.md"", ""topic-018-en.md"", ""topic-017-ua.md"", ""topic-017-en.md"", ""topic-034-en.md"", ""topic-009-en.md"", ""topic-012-en.md"", ""topic-014-en.md""]",[],2,0,2,0,2.0,0.0,0.0,1.0,"[""topic-017-en.md"", ""topic-018-en.md""]",[],[],0.639909328045346,0.639909328045346,1.0,1.0,0.5,0.5,0.4,0.25,1.0,1.0,0.0,0.0,0.0,0.0,0.0,0.0,0.0,0.0,0.0,0.0
QUE0018,як налаштувати rate limiting в API Gateway,uk,conceptual,ua_to_en,5,2,4,0,"[""topic-018-ua.md"", ""topic-018-en.md"", ""topic-017-ua.md"", ""topic-017-en.md""]",[],2,0,2,0,2.0,0.0,0.0,1.0,"[""topic-017-en.md"", ""topic-018-en.md""]",[],[],0.639909328045346,0.639909328045346,1.0,1.0,0.5,0.5,0.5,0.5,1.0,1.0,0.0,0.0,0.0,0.0,0.0,0.0,0.0,0.0,0.0,0.0
QEU0018,how to configure rate limiting in API Gateway,en,conceptual,en_to_ua,6,2,8,0,"[""topic-018-ua.md"", ""topic-018-en.md"", ""topic-017-ua.md"", ""topic-017-en.md"", ""topic-034-en.md"", ""topic-009-en.md"", ""topic-012-en.md"", ""topic-014-en.md""]",[],2,0,2,0,1.0,0.0,0.0,1.0,"[""topic-017-ua.md"", ""topic-018-ua.md""]",[],[],0.9639404333166532,0.9639404333166532,1.0,1.0,1.0,1.0,0.4,0.25,1.0,1.0,0.0,0.0,0.0,0.0,0.0,0.0,0.0,0.0,0.0,0.0
QUU0019,як налаштувати JWT автентифікацію в FastAPI,uk,conceptual,ua_to_ua,4,2,8,0,"[""topic-019-ua.md"", ""topic-019-en.md"", ""topic-024-ua.md"", ""topic-017-ua.md"", ""topic-017-en.md"", ""topic-024-en.md"", ""topic-020-ua.md"", ""topic-020-en.md""]",[],1,0,2,0,1.0,0.0,0.0,1.0,"[""topic-019-ua.md"", ""topic-020-ua.md""]",[],[],0.8262346571285599,0.9180385079206221,0.5,1.0,1.0,1.0,0.2,0.25,1.0,1.0,0.0,0.0,0.0,0.0,0.0,0.0,0.0,0.0,0.0,0.0
QEE0019,how to configure JWT authentication in FastAPI,en,conceptual,en_to_en,5,2,10,0,"[""topic-019-en.md"", ""topic-019-ua.md"", ""topic-017-en.md"", ""topic-016-en.md"", ""topic-034-en.md"", ""topic-024-ua.md"", ""topic-017-ua.md"", ""topic-024-en.md"", ""topic-020-ua.md"", ""topic-020-en.md""]",[],1,0,2,0,1.0,0.0,0.0,1.0,"[""topic-019-en.md"", ""topic-020-en.md""]",[],[],0.8262346571285599,0.9058464496821221,0.5,1.0,1.0,1.0,0.2,0.2,1.0,1.0,0.0,0.0,0.0,0.0,0.0,0.0,0.0,0.0,0.0,0.0
QUE0019,як налаштувати JWT автентифікацію в FastAPI,uk,conceptual,ua_to_en,4,2,8,0,"[""topic-019-ua.md"", ""topic-019-en.md"", ""topic-024-ua.md"", ""topic-017-ua.md"", ""topic-017-en.md"", ""topic-024-en.md"", ""topic-020-ua.md"", ""topic-020-en.md""]",[],1,0,2,0,2.0,0.0,0.0,1.0,"[""topic-019-en.md"", ""topic-020-en.md""]",[],[],0.52129602861432,0.60817870005004,0.5,1.0,0.5,0.5,0.2,0.25,1.0,1.0,0.0,0.0,0.0,0.0,0.0,0.0,0.0,0.0,0.0,0.0
QEU0019,how to configure JWT authentication in FastAPI,en,conceptual,en_to_ua,5,2,10,0,"[""topic-019-en.md"", ""topic-019-ua.md"", ""topic-017-en.md"", ""topic-016-en.md"", ""topic-034-en.md"", ""topic-024-ua.md"", ""topic-017-ua.md"", ""topic-024-en.md"", ""topic-020-ua.md"", ""topic-020-en.md""]",[],1,0,2,0,2.0,0.0,0.0,1.0,"[""topic-019-ua.md"", ""topic-020-ua.md""]",[],[],0.52129602861432,0.6042031670319338,0.5,1.0,0.5,0.5,0.2,0.2,1.0,1.0,0.0,0.0,0.0,0.0,0.0,0.0,0.0,0.0,0.0,0.0
QUU0020,як використовувати Redis для кешування в FastAPI,uk,conceptual,ua_to_ua,4,2,10,0,"[""topic-020-ua.md"", ""topic-020-en.md"", ""topic-002-ua.md"", ""topic-018-ua.md"", ""topic-018-en.md"", ""topic-024-ua.md"", ""topic-017-ua.md"", ""topic-017-en.md"", ""topic-024-en.md"", ""topic-019-ua.md""]",[],1,0,2,0,1.0,0.0,0.0,1.0,"[""topic-019-ua.md"", ""topic-020-ua.md""]",[],[],0.8262346571285599,0.9058464496821221,0.5,1.0,1.0,1.0,0.2,0.2,1.0,1.0,0.0,0.0,0.0,0.0,0.0,0.0,0.0,0.0,0.0,0.0
QEE0020,how to use Redis caching for FastAPI,en,conceptual,en_to_en,5,2,10,0,"[""topic-020-en.md"", ""topic-020-ua.md"", ""topic-018-en.md"", ""topic-017-en.md"", ""topic-019-en.md"", ""topic-024-en.md"", ""topic-019-ua.md"", ""topic-018-ua.md"", ""topic-024-ua.md"", ""topic-017-ua.md""]",[],2,0,2,0,1.0,0.0,0.0,1.0,"[""topic-019-en.md"", ""topic-020-en.md""]",[],[],0.9327783893101107,0.9327783893101107,1.0,1.0,1.0,1.0,0.4,0.2,1.0,1.0,0.0,0.0,0.0,0.0,0.0,0.0,0.0,0.0,0.0,0.0
QUE0020,як використовувати Redis для кешування в FastAPI,uk,conceptual,ua_to_en,4,2,10,0,"[""topic-020-ua.md"", ""topic-020-en.md"", ""topic-002-ua.md"", ""topic-018-ua.md"", ""topic-018-en.md"", ""topic-024-ua.md"", ""topic-017-ua.md"", ""topic-017-en.md"", ""topic-024-en.md"", ""topic-019-ua.md""]",[],1,0,1,0,2.0,0.0,0.0,1.0,"[""topic-020-en.md""]",[],[],0.52129602861432,0.52129602861432,0.5,0.5,0.5,0.5,0.2,0.1,1.0,1.0,0.0,0.0,0.0,0.0,0.0,0.0,0.0,0.0,0.0,0.0
QEU0020,how to use Redis caching for FastAPI,en,conceptual,en_to_ua,5,2,10,0,"[""topic-020-en.md"", ""topic-020-ua.md"", ""topic-018-en.md"", ""topic-017-en.md"", ""topic-019-en.md"", ""topic-024-en.md"", ""topic-019-ua.md"", ""topic-018-ua.md"", ""topic-024-ua.md"", ""topic-017-ua.md""]",[],1,0,2,0,2.0,0.0,0.0,1.0,"[""topic-019-ua.md"", ""topic-020-ua.md""]",[],[],0.52129602861432,0.6130998794063822,0.5,1.0,0.5,0.5,0.2,0.2,1.0,1.0,0.0,0.0,0.0,0.0,0.0,0.0,0.0,0.0,0.0,0.0
QUU0021,як використовувати asyncio для асинхронного Python,uk,conceptual,ua_to_ua,4,2,10,0,"[""topic-021-en.md"", ""topic-021-ua.md"", ""topic-002-ua.md"", ""topic-022-en.md"", ""topic-024-ua.md"", ""topic-022-ua.md"", ""topic-025-ua.md"", ""topic-024-en.md"", ""topic-025-en.md"", ""topic-019-ua.md""]",[],1,0,2,0,2.0,0.0,0.0,1.0,"[""topic-021-ua.md"", ""topic-022-ua.md""]",[],[],0.52129602861432,0.6193996029832952,0.5,1.0,0.5,0.5,0.2,0.2,1.0,1.0,0.0,0.0,0.0,0.0,0.0,0.0,0.0,0.0,0.0,0.0
QEE0021,how to use asyncio for async Python,en,conceptual,en_to_en,5,2,10,0,"[""topic-021-en.md"", ""topic-021-ua.md"", ""topic-023-en.md"", ""topic-023-ua.md"", ""topic-022-en.md"", ""topic-024-en.md"", ""topic-024-ua.md"", ""topic-022-ua.md"", ""topic-025-ua.md"", ""topic-025-en.md""]",[],2,0,2,0,1.0,0.0,0.0,1.0,"[""topic-021-en.md"", ""topic-022-en.md""]",[],[],0.9327783893101107,0.9327783893101107,1.0,1.0,1.0,1.0,0.4,0.2,1.0,1.0,0.0,0.0,0.0,0.0,0.0,0.0,0.0,0.0,0.0,0.0
QUE0021,як використовувати asyncio для асинхронного Python,uk,conceptual,ua_to_en,4,2,10,0,"[""topic-021-en.md"", ""topic-021-ua.md"", ""topic-002-ua.md"", ""topic-022-en.md"", ""topic-024-ua.md"", ""topic-022-ua.md"", ""topic-025-ua.md"", ""topic-024-en.md"", ""topic-025-en.md"", ""topic-019-ua.md""]",[],2,0,2,0,1.0,0.0,0.0,1.0,"[""topic-021-en.md"", ""topic-022-en.md""]",[],[],0.944847956559586,0.944847956559586,1.0,1.0,1.0,1.0,0.4,0.2,1.0,1.0,0.0,0.0,0.0,0.0,0.0,0.0,0.0,0.0,0.0,0.0
QEU0021,how to use asyncio for async Python,en,conceptual,en_to_ua,5,2,10,0,"[""topic-021-en.md"", ""topic-021-ua.md"", ""topic-023-en.md"", ""topic-023-ua.md"", ""topic-022-en.md"", ""topic-024-en.md"", ""topic-024-ua.md"", ""topic-022-ua.md"", ""topic-025-ua.md"", ""topic-025-en.md""]",[],1,0,2,0,2.0,0.0,0.0,1.0,"[""topic-021-ua.md"", ""topic-022-ua.md""]",[],[],0.52129602861432,0.60817870005004,0.5,1.0,0.5,0.5,0.2,0.2,1.0,1.0,0.0,0.0,0.0,0.0,0.0,0.0,0.0,0.0,0.0,0.0
QUU0022,як використовувати Pydantic для валідації даних,uk,conceptual,ua_to_ua,4,2,10,0,"[""topic-022-ua.md"", ""topic-002-ua.md"", ""topic-022-en.md"", ""topic-017-ua.md"", ""topic-030-ua.md"", ""topic-031-ua.md"", ""topic-020-ua.md"", ""topic-017-en.md"", ""topic-023-ua.md"", ""topic-025-ua.md""]",[],1,0,1,0,1.0,0.0,0.0,1.0,"[""topic-022-ua.md""]",[],[],0.8262346571285599,0.8262346571285599,0.5,0.5,1.0,1.0,0.2,0.1,1.0,1.0,0.0,0.0,0.0,0.0,0.0,0.0,0.0,0.0,0.0,0.0
QEE0022,how to use Pydantic for data validation,en,conceptual,en_to_en,5,2,10,0,"[""topic-022-en.md"", ""topic-017-en.md"", ""topic-022-ua.md"", ""topic-020-en.md"", ""topic-029-en.md"", ""topic-031-en.md"", ""topic-030-en.md"", ""topic-002-en.md"", ""topic-028-en.md"", ""topic-023-en.md""]",[],1,0,1,0,1.0,0.0,0.0,1.0,"[""topic-022-en.md""]",[],[],0.8262346571285599,0.8262346571285599,0.5,0.5,1.0,1.0,0.2,0.1,1.0,1.0,0.0,0.0,0.0,0.0,0.0,0.0,0.0,0.0,0.0,0.0
QUE0022,як використовувати Pydantic для валідації даних,uk,conceptual,ua_to_en,4,2,10,0,"[""topic-022-ua.md"", ""topic-002-ua.md"", ""topic-022-en.md"", ""topic-017-ua.md"", ""topic-030-ua.md"", ""topic-031-ua.md"", ""topic-020-ua.md"", ""topic-017-en.md"", ""topic-023-ua.md"", ""topic-025-ua.md""]",[],1,0,1,0,3.0,0.0,0.0,1.0,"[""topic-022-en.md""]",[],[],0.41311732856427996,0.41311732856427996,0.5,0.5,0.3333333333333333,0.3333333333333333,0.2,0.1,1.0,1.0,0.0,0.0,0.0,0.0,0.0,0.0,0.0,0.0,0.0,0.0
QEU0022,how to use Pydantic for data validation,en,conceptual,en_to_ua,5,2,10,0,"[""topic-022-en.md"", ""topic-017-en.md"", ""topic-022-ua.md"", ""topic-020-en.md"", ""topic-029-en.md"", ""topic-031-en.md"", ""topic-030-en.md"", ""topic-002-en.md"", ""topic-028-en.md"", ""topic-023-en.md""]",[],1,0,1,0,3.0,0.0,0.0,1.0,"[""topic-022-ua.md""]",[],[],0.41311732856427996,0.41311732856427996,0.5,0.5,0.3333333333333333,0.3333333333333333,0.2,0.1,1.0,1.0,0.0,0.0,0.0,0.0,0.0,0.0,0.0,0.0,0.0,0.0
QUU0023,як писати асинхронні запити з SQLAlchemy,uk,conceptual,ua_to_ua,5,2,10,0,"[""topic-023-ua.md"", ""topic-021-ua.md"", ""topic-023-en.md"", ""topic-047-ua.md"", ""topic-012-ua.md"", ""topic-033-ua.md"", ""topic-025-ua.md"", ""topic-017-ua.md"", ""topic-026-ua.md"", ""topic-049-ua.md""]",[],1,0,1,0,1.0,0.0,0.0,1.0,"[""topic-023-ua.md""]",[],[],0.8262346571285599,0.8262346571285599,0.5,0.5,1.0,1.0,0.2,0.1,1.0,1.0,0.0,0.0,0.0,0.0,0.0,0.0,0.0,0.0,0.0,0.0
QEE0023,how to write async queries with SQLAlchemy,en,conceptual,en_to_en,6,2,10,0,"[""topic-023-en.md"", ""topic-023-ua.md"", ""topic-021-en.md"", ""topic-021-ua.md"", ""topic-047-en.md"", ""topic-005-en.md"", ""topic-025-en.md"", ""topic-008-en.md"", ""topic-017-en.md"", ""topic-049-en.md""]",[],1,0,1,0,1.0,0.0,0.0,1.0,"[""topic-023-en.md""]",[],[],0.8262346571285599,0.8262346571285599,0.5,0.5,1.0,1.0,0.2,0.1,1.0,1.0,0.0,0.0,0.0,0.0,0.0,0.0,0.0,0.0,0.0,0.0
QUE0023,як писати асинхронні запити з SQLAlchemy,uk,conceptual,ua_to_en,5,2,10,0,"[""topic-023-ua.md"", ""topic-021-ua.md"", ""topic-023-en.md"", ""topic-047-ua.md"", ""topic-012-ua.md"", ""topic-033-ua.md"", ""topic-025-ua.md"", ""topic-017-ua.md"", ""topic-026-ua.md"", ""topic-049-ua.md""]",[],1,0,1,0,3.0,0.0,0.0,1.0,"[""topic-023-en.md""]",[],[],0.41311732856427996,0.41311732856427996,0.5,0.5,0.3333333333333333,0.3333333333333333,0.2,0.1,1.0,1.0,0.0,0.0,0.0,0.0,0.0,0.0,0.0,0.0,0.0,0.0
QEU0023,how to write async queries with SQLAlchemy,en,conceptual,en_to_ua,6,2,10,0,"[""topic-023-en.md"", ""topic-023-ua.md"", ""topic-021-en.md"", ""topic-021-ua.md"", ""topic-047-en.md"", ""topic-005-en.md"", ""topic-025-en.md"", ""topic-008-en.md"", ""topic-017-en.md"", ""topic-049-en.md""]",[],1,0,1,0,2.0,0.0,0.0,1.0,"[""topic-023-ua.md""]",[],[],0.52129602861432,0.52129602861432,0.5,0.5,0.5,0.5,0.2,0.1,1.0,1.0,0.0,0.0,0.0,0.0,0.0,0.0,0.0,0.0,0.0,0.0
QUU0024,як розробляти веб-додатки з FastAPI,uk,conceptual,ua_to_ua,4,2,10,0,"[""topic-017-ua.md"", ""topic-020-ua.md"", ""topic-019-ua.md"", ""topic-024-ua.md"", ""topic-017-en.md"", ""topic-024-en.md"", ""topic-020-en.md"", ""topic-019-en.md"", ""topic-047-ua.md"", ""topic-012-ua.md""]",[],1,0,1,0,4.0,0.0,0.0,1.0,"[""topic-024-ua.md""]",[],[],0.35583989829307827,0.35583989829307827,0.5,0.5,0.25,0.25,0.2,0.1,1.0,1.0,0.0,0.0,0.0,0.0,0.0,0.0,0.0,0.0,0.0,0.0
QEE0024,how to develop web applications with FastAPI,en,conceptual,en_to_en,6,2,10,0,"[""topic-024-en.md"", ""topic-020-en.md"", ""topic-019-en.md"", ""topic-019-ua.md"", ""topic-017-en.md"", ""topic-024-ua.md"", ""topic-017-ua.md"", ""topic-020-ua.md"", ""topic-005-en.md"", ""topic-025-en.md""]",[],1,0,1,0,1.0,0.0,0.0,1.0,"[""topic-024-en.md""]",[],[],0.8262346571285599,0.8262346571285599,0.5,0.5,1.0,1.0,0.2,0.1,1.0,1.0,0.0,0.0,0.0,0.0,0.0,0.0,0.0,0.0,0.0,0.0
QUE0024,як розробляти веб-додатки з FastAPI,uk,conceptual,ua_to_en,4,2,10,0,"[""topic-017-ua.md"", ""topic-020-ua.md"", ""topic-019-ua.md"", ""topic-024-ua.md"", ""topic-017-en.md"", ""topic-024-en.md"", ""topic-020-en.md"", ""topic-019-en.md"", ""topic-047-ua.md"", ""topic-012-ua.md""]",[],0,0,1,0,6.0,0.0,0.0,1.0,"[""topic-024-en.md""]",[],[],0.0,0.2943107231069255,0.0,0.5,0.0,0.16666666666666666,0.0,0.1,0.0,1.0,0.0,0.0,0.0,0.0,0.0,0.0,0.0,0.0,0.0,0.0
QEU0024,how to develop web applications with FastAPI,en,conceptual,en_to_ua,6,2,10,0,"[""topic-024-en.md"", ""topic-020-en.md"", ""topic-019-en.md"", ""topic-019-ua.md"", ""topic-017-en.md"", ""topic-024-ua.md"", ""topic-017-ua.md"", ""topic-020-ua.md"", ""topic-005-en.md"", ""topic-025-en.md""]",[],0,0,1,0,6.0,0.0,0.0,1.0,"[""topic-024-ua.md""]",[],[],0.0,0.2943107231069255,0.0,0.5,0.0,0.16666666666666666,0.0,0.1,0.0,1.0,0.0,0.0,0.0,0.0,0.0,0.0,0.0,0.0,0.0,0.0
QUU0025,як використовувати Pytest для тестування Python,uk,conceptual,ua_to_ua,4,2,10,0,"[""topic-025-ua.md"", ""topic-025-en.md"", ""topic-002-ua.md"", ""topic-005-ua.md"", ""topic-021-en.md"", ""topic-021-ua.md"", ""topic-022-en.md"", ""topic-024-ua.md"", ""topic-022-ua.md"", ""topic-024-en.md""]",[],1,0,1,0,1.0,0.0,0.0,1.0,"[""topic-025-ua.md""]",[],[],0.8262346571285599,0.8262346571285599,0.5,0.5,1.0,1.0,0.2,0.1,1.0,1.0,0.0,0.0,0.0,0.0,0.0,0.0,0.0,0.0,0.0,0.0
QEE0025,how to use Pytest for Python testing,en,conceptual,en_to_en,5,2,10,0,"[""topic-025-en.md"", ""topic-025-ua.md"", ""topic-005-en.md"", ""topic-021-en.md"", ""topic-022-en.md"", ""topic-024-en.md"", ""topic-021-ua.md"", ""topic-024-ua.md"", ""topic-022-ua.md"", ""topic-050-en.md""]",[],1,0,1,0,1.0,0.0,0.0,1.0,"[""topic-025-en.md""]",[],[],0.8262346571285599,0.8262346571285599,0.5,0.5,1.0,1.0,0.2,0.1,1.0,1.0,0.0,0.0,0.0,0.0,0.0,0.0,0.0,0.0,0.0,0.0
QUE0025,як використовувати Pytest для тестування Python,uk,conceptual,ua_to_en,4,2,10,0,"[""topic-025-ua.md"", ""topic-025-en.md"", ""topic-002-ua.md"", ""topic-005-ua.md"", ""topic-021-en.md"", ""topic-021-ua.md"", ""topic-022-en.md"", ""topic-024-ua.md"", ""topic-022-ua.md"", ""topic-024-en.md""]",[],1,0,1,0,2.0,0.0,0.0,1.0,"[""topic-025-en.md""]",[],[],0.52129602861432,0.52129602861432,0.5,0.5,0.5,0.5,0.2,0.1,1.0,1.0,0.0,0.0,0.0,0.0,0.0,0.0,0.0,0.0,0.0,0.0
QEU0025,how to use Pytest for Python testing,en,conceptual,en_to_ua,5,2,10,0,"[""topic-025-en.md"", ""topic-025-ua.md"", ""topic-005-en.md"", ""topic-021-en.md"", ""topic-022-en.md"", ""topic-024-en.md"", ""topic-021-ua.md"", ""topic-024-ua.md"", ""topic-022-ua.md"", ""topic-050-en.md""]",[],1,0,1,0,2.0,0.0,0.0,1.0,"[""topic-025-ua.md""]",[],[],0.52129602861432,0.52129602861432,0.5,0.5,0.5,0.5,0.2,0.1,1.0,1.0,0.0,0.0,0.0,0.0,0.0,0.0,0.0,0.0,0.0,0.0
QUU0026,як переглядати логи через systemd та journalctl,uk,conceptual,ua_to_ua,5,2,10,1,"[""topic-026-ua.md"", ""topic-032-ua.md"", ""topic-026-en.md"", ""topic-032-en.md"", ""topic-012-ua.md"", ""topic-001-ua.md"", ""topic-029-ua.md"", ""topic-013-ua.md"", ""topic-023-ua.md"", ""topic-022-ua.md""]","[""topic-026-ua.md""]",1,1,1,1,1.0,1.0,0.0,0.0,"[""topic-026-ua.md""]","[""topic-026-ua.md""]","[""topic-026-ua.md""]",0.8262346571285599,0.8262346571285599,0.5,0.5,1.0,1.0,0.2,0.1,1.0,1.0,0.8262346571285599,0.8262346571285599,0.5,0.5,1.0,1.0,1.0,1.0,1.0,1.0
QEE0026,how to view logs with systemd and journalctl,en,conceptual,en_to_en,6,2,10,0,"[""topic-026-en.md"", ""topic-026-ua.md"", ""topic-012-en.md"", ""topic-032-en.md"", ""topic-032-ua.md"", ""topic-005-en.md"", ""topic-025-en.md"", ""topic-021-en.md"", ""topic-008-en.md"", ""topic-017-en.md""]",[],1,0,2,0,1.0,0.0,0.0,1.0,"[""topic-025-en.md"", ""topic-026-en.md""]",[],[],0.8262346571285599,0.9180385079206221,0.5,1.0,1.0,1.0,0.2,0.2,1.0,1.0,0.0,0.0,0.0,0.0,0.0,0.0,0.0,0.0,0.0,0.0
QUE0026,як переглядати логи через systemd та journalctl,uk,conceptual,ua_to_en,5,2,10,1,"[""topic-026-ua.md"", ""topic-032-ua.md"", ""topic-026-en.md"", ""topic-032-en.md"", ""topic-012-ua.md"", ""topic-001-ua.md"", ""topic-029-ua.md"", ""topic-013-ua.md"", ""topic-023-ua.md"", ""topic-022-ua.md""]","[""topic-026-ua.md""]",1,0,1,0,3.0,0.0,0.0,0.0,"[""topic-026-en.md""]",[],[],0.41311732856427996,0.41311732856427996,0.5,0.5,0.3333333333333333,0.3333333333333333,0.2,0.1,1.0,1.0,0.0,0.0,0.0,0.0,0.0,0.0,0.0,0.0,0.0,0.0
QEU0026,how to view logs with systemd and journalctl,en,conceptual,en_to_ua,6,2,10,0,"[""topic-026-en.md"", ""topic-026-ua.md"", ""topic-012-en.md"", ""topic-032-en.md"", ""topic-032-ua.md"", ""topic-005-en.md"", ""topic-025-en.md"", ""topic-021-en.md"", ""topic-008-en.md"", ""topic-017-en.md""]",[],1,0,1,0,2.0,0.0,0.0,1.0,"[""topic-026-ua.md""]",[],[],0.52129602861432,0.52129602861432,0.5,0.5,0.5,0.5,0.2,0.1,1.0,1.0,0.0,0.0,0.0,0.0,0.0,0.0,0.0,0.0,0.0,0.0
QUU0027,як налаштувати продуктивність PostgreSQL,uk,conceptual,ua_to_ua,3,2,6,0,"[""topic-027-ua.md"", ""topic-027-en.md"", ""topic-029-ua.md"", ""topic-029-en.md"", ""topic-028-en.md"", ""topic-028-ua.md""]",[],1,0,2,0,1.0,0.0,0.0,1.0,"[""topic-027-ua.md"", ""topic-028-ua.md""]",[],[],0.8262346571285599,0.9243382314975351,0.5,1.0,1.0,1.0,0.2,0.3333333333333333,1.0,1.0,0.0,0.0,0.0,0.0,0.0,0.0,0.0,0.0,0.0,0.0
QEE0027,how to tune PostgreSQL performance,en,conceptual,en_to_en,4,2,8,0,"[""topic-027-en.md"", ""topic-017-en.md"", ""topic-024-en.md"", ""topic-027-ua.md"", ""topic-029-ua.md"", ""topic-029-en.md"", ""topic-028-en.md"", ""topic-028-ua.md""]",[],1,0,2,0,1.0,0.0,0.0,1.0,"[""topic-027-en.md"", ""topic-028-en.md""]",[],[],0.8262346571285599,0.9180385079206221,0.5,1.0,1.0,1.0,0.2,0.25,1.0,1.0,0.0,0.0,0.0,0.0,0.0,0.0,0.0,0.0,0.0,0.0
QUE0027,як налаштувати продуктивність PostgreSQL,uk,conceptual,ua_to_en,3,2,6,0,"[""topic-027-ua.md"", ""topic-027-en.md"", ""topic-029-ua.md"", ""topic-029-en.md"", ""topic-028-en.md"", ""topic-028-ua.md""]",[],2,0,2,0,2.0,0.0,0.0,1.0,"[""topic-027-en.md"", ""topic-028-en.md""]",[],[],0.6278397607958708,0.6278397607958708,1.0,1.0,0.5,0.5,0.4,0.3333333333333333,1.0,1.0,0.0,0.0,0.0,0.0,0.0,0.0,0.0,0.0,0.0,0.0
QEU0027,how to tune PostgreSQL performance,en,conceptual,en_to_ua,4,2,8,0,"[""topic-027-en.md"", ""topic-017-en.md"", ""topic-024-en.md"", ""topic-027-ua.md"", ""topic-029-ua.md"", ""topic-029-en.md"", ""topic-028-en.md"", ""topic-028-ua.md""]",[],1,0,2,0,4.0,0.0,0.0,1.0,"[""topic-027-ua.md"", ""topic-028-ua.md""]",[],[],0.35583989829307827,0.44272256972879825,0.5,1.0,0.25,0.25,0.2,0.25,1.0,1.0,0.0,0.0,0.0,0.0,0.0,0.0,0.0,0.0,0.0,0.0
QUU0028,як мігрувати PostgreSQL з 14 на 16,uk,conceptual,ua_to_ua,5,2,10,0,"[""topic-028-ua.md"", ""topic-028-en.md"", ""topic-027-ua.md"", ""topic-029-ua.md"", ""topic-027-en.md"", ""topic-029-en.md"", ""topic-047-ua.md"", ""topic-012-ua.md"", ""topic-033-ua.md"", ""topic-025-ua.md""]",[],2,0,2,0,1.0,0.0,0.0,1.0,"[""topic-027-ua.md"", ""topic-028-ua.md""]",[],[],0.9639404333166532,0.9639404333166532,1.0,1.0,1.0,1.0,0.4,0.2,1.0,1.0,0.0,0.0,0.0,0.0,0.0,0.0,0.0,0.0,0.0,0.0
QEE0028,how to migrate PostgreSQL from 14 to 16,en,conceptual,en_to_en,6,2,10,0,"[""topic-028-en.md"", ""topic-028-ua.md"", ""topic-029-en.md"", ""topic-027-en.md"", ""topic-027-ua.md"", ""topic-029-ua.md"", ""topic-036-en.md"", ""topic-035-en.md"", ""topic-009-en.md"", ""topic-012-en.md""]",[],2,0,2,0,1.0,0.0,0.0,1.0,"[""topic-027-en.md"", ""topic-028-en.md""]",[],[],0.944847956559586,0.944847956559586,1.0,1.0,1.0,1.0,0.4,0.2,1.0,1.0,0.0,0.0,0.0,0.0,0.0,0.0,0.0,0.0,0.0,0.0
QUE0028,як мігрувати PostgreSQL з 14 на 16,uk,conceptual,ua_to_en,5,2,10,0,"[""topic-028-ua.md"", ""topic-028-en.md"", ""topic-027-ua.md"", ""topic-029-ua.md"", ""topic-027-en.md"", ""topic-029-en.md"", ""topic-047-ua.md"", ""topic-012-ua.md"", ""topic-033-ua.md"", ""topic-025-ua.md""]",[],2,0,2,0,2.0,0.0,0.0,1.0,"[""topic-027-en.md"", ""topic-028-en.md""]",[],[],0.6278397607958708,0.6278397607958708,1.0,1.0,0.5,0.5,0.4,0.2,1.0,1.0,0.0,0.0,0.0,0.0,0.0,0.0,0.0,0.0,0.0,0.0
QEU0028,how to migrate PostgreSQL from 14 to 16,en,conceptual,en_to_ua,6,2,10,0,"[""topic-028-en.md"", ""topic-028-ua.md"", ""topic-029-en.md"", ""topic-027-en.md"", ""topic-027-ua.md"", ""topic-029-ua.md"", ""topic-036-en.md"", ""topic-035-en.md"", ""topic-009-en.md"", ""topic-012-en.md""]",[],2,0,2,0,2.0,0.0,0.0,1.0,"[""topic-027-ua.md"", ""topic-028-ua.md""]",[],[],0.6278397607958708,0.6278397607958708,1.0,1.0,0.5,0.5,0.4,0.2,1.0,1.0,0.0,0.0,0.0,0.0,0.0,0.0,0.0,0.0,0.0,0.0
QUU0029,як створити резервну копію PostgreSQL,uk,conceptual,ua_to_ua,4,2,10,0,"[""topic-029-ua.md"", ""topic-017-ua.md"", ""topic-005-ua.md"", ""topic-008-ua.md"", ""topic-027-en.md"", ""topic-027-ua.md"", ""topic-029-en.md"", ""topic-028-en.md"", ""topic-028-ua.md"", ""topic-050-ua.md""]",[],1,0,1,0,1.0,0.0,0.0,1.0,"[""topic-029-ua.md""]",[],[],0.8262346571285599,0.8262346571285599,0.5,0.5,1.0,1.0,0.2,0.1,1.0,1.0,0.0,0.0,0.0,0.0,0.0,0.0,0.0,0.0,0.0,0.0
QEE0029,how to backup and restore PostgreSQL,en,conceptual,en_to_en,4,2,10,0,"[""topic-029-ua.md"", ""topic-029-en.md"", ""topic-028-ua.md"", ""topic-028-en.md"", ""topic-050-ua.md"", ""topic-008-ua.md"", ""topic-008-en.md"", ""topic-027-en.md"", ""topic-027-ua.md"", ""topic-050-en.md""]",[],1,0,1,0,2.0,0.0,0.0,1.0,"[""topic-029-en.md""]",[],[],0.52129602861432,0.52129602861432,0.5,0.5,0.5,0.5,0.2,0.1,1.0,1.0,0.0,0.0,0.0,0.0,0.0,0.0,0.0,0.0,0.0,0.0
QUE0029,як створити резервну копію PostgreSQL,uk,conceptual,ua_to_en,4,2,10,0,"[""topic-029-ua.md"", ""topic-017-ua.md"", ""topic-005-ua.md"", ""topic-008-ua.md"", ""topic-027-en.md"", ""topic-027-ua.md"", ""topic-029-en.md"", ""topic-028-en.md"", ""topic-028-ua.md"", ""topic-050-ua.md""]",[],0,0,1,0,7.0,0.0,0.0,1.0,"[""topic-029-en.md""]",[],[],0.0,0.27541155237618664,0.0,0.5,0.0,0.14285714285714285,0.0,0.1,0.0,1.0,0.0,0.0,0.0,0.0,0.0,0.0,0.0,0.0,0.0,0.0
QEU0029,how to backup and restore PostgreSQL,en,conceptual,en_to_ua,4,2,10,0,"[""topic-029-ua.md"", ""topic-029-en.md"", ""topic-028-ua.md"", ""topic-028-en.md"", ""topic-050-ua.md"", ""topic-008-ua.md"", ""topic-008-en.md"", ""topic-027-en.md"", ""topic-027-ua.md"", ""topic-050-en.md""]",[],1,0,1,0,1.0,0.0,0.0,1.0,"[""topic-029-ua.md""]",[],[],0.8262346571285599,0.8262346571285599,0.5,0.5,1.0,1.0,0.2,0.1,1.0,1.0,0.0,0.0,0.0,0.0,0.0,0.0,0.0,0.0,0.0,0.0
QUU0030,що таке SQLite вбудована база даних,uk,conceptual,ua_to_ua,5,2,10,0,"[""topic-030-ua.md"", ""topic-030-en.md"", ""topic-040-ua.md"", ""topic-040-en.md"", ""topic-022-ua.md"", ""topic-031-ua.md"", ""topic-020-ua.md"", ""topic-023-ua.md"", ""topic-025-ua.md"", ""topic-017-ua.md""]",[],1,0,1,0,1.0,0.0,0.0,1.0,"[""topic-030-ua.md""]",[],[],0.8262346571285599,0.8262346571285599,0.5,0.5,1.0,1.0,0.2,0.1,1.0,1.0,0.0,0.0,0.0,0.0,0.0,0.0,0.0,0.0,0.0,0.0
QEE0030,what is SQLite embedded database,en,conceptual,en_to_en,3,2,5,1,"[""topic-030-en.md"", ""topic-029-en.md"", ""topic-030-ua.md"", ""topic-040-ua.md"", ""topic-040-en.md""]","[""topic-030-en.md""]",2,1,2,1,1.0,1.0,0.0,0.0,"[""topic-029-en.md"", ""topic-030-en.md""]","[""topic-030-en.md""]","[""topic-030-en.md""]",1.0,1.0,1.0,1.0,1.0,1.0,0.4,0.4,1.0,1.0,0.8262346571285599,0.8262346571285599,0.5,0.5,1.0,1.0,1.0,1.0,1.0,1.0
QUE0030,що таке SQLite вбудована база даних,uk,conceptual,ua_to_en,5,2,10,0,"[""topic-030-ua.md"", ""topic-030-en.md"", ""topic-040-ua.md"", ""topic-040-en.md"", ""topic-022-ua.md"", ""topic-031-ua.md"", ""topic-020-ua.md"", ""topic-023-ua.md"", ""topic-025-ua.md"", ""topic-017-ua.md""]",[],1,0,1,0,2.0,0.0,0.0,1.0,"[""topic-030-en.md""]",[],[],0.52129602861432,0.52129602861432,0.5,0.5,0.5,0.5,0.2,0.1,1.0,1.0,0.0,0.0,0.0,0.0,0.0,0.0,0.0,0.0,0.0,0.0
QEU0030,what is SQLite embedded database,en,conceptual,en_to_ua,3,2,5,1,"[""topic-030-en.md"", ""topic-029-en.md"", ""topic-030-ua.md"", ""topic-040-ua.md"", ""topic-040-en.md""]","[""topic-030-en.md""]",1,0,1,0,3.0,0.0,0.0,0.0,"[""topic-030-ua.md""]",[],[],0.41311732856427996,0.41311732856427996,0.5,0.5,0.3333333333333333,0.3333333333333333,0.2,0.2,1.0,1.0,0.0,0.0,0.0,0.0,0.0,0.0,0.0,0.0,0.0,0.0
QUU0031,як налаштувати ZFS файлову систему,uk,conceptual,ua_to_ua,4,2,2,0,"[""topic-031-en.md"", ""topic-031-ua.md""]",[],1,0,1,0,2.0,0.0,0.0,1.0,"[""topic-031-ua.md""]",[],[],0.52129602861432,0.52129602861432,0.5,0.5,0.5,0.5,0.5,0.5,1.0,1.0,0.0,0.0,0.0,0.0,0.0,0.0,0.0,0.0,0.0,0.0
QEE0031,how to configure ZFS filesystem,en,conceptual,en_to_en,4,2,6,0,"[""topic-031-en.md"", ""topic-031-ua.md"", ""topic-034-en.md"", ""topic-009-en.md"", ""topic-012-en.md"", ""topic-014-en.md""]",[],1,0,1,0,1.0,0.0,0.0,1.0,"[""topic-031-en.md""]",[],[],0.8262346571285599,0.8262346571285599,0.5,0.5,1.0,1.0,0.2,0.16666666666666666,1.0,1.0,0.0,0.0,0.0,0.0,0.0,0.0,0.0,0.0,0.0,0.0
QUE0031,як налаштувати ZFS файлову систему,uk,conceptual,ua_to_en,4,2,2,0,"[""topic-031-en.md"", ""topic-031-ua.md""]",[],1,0,1,0,1.0,0.0,0.0,1.0,"[""topic-031-en.md""]",[],[],0.8262346571285599,0.8262346571285599,0.5,0.5,1.0,1.0,0.5,0.5,1.0,1.0,0.0,0.0,0.0,0.0,0.0,0.0,0.0,0.0,0.0,0.0
QEU0031,how to configure ZFS filesystem,en,conceptual,en_to_ua,4,2,6,0,"[""topic-031-en.md"", ""topic-031-ua.md"", ""topic-034-en.md"", ""topic-009-en.md"", ""topic-012-en.md"", ""topic-014-en.md""]",[],1,0,1,0,2.0,0.0,0.0,1.0,"[""topic-031-ua.md""]",[],[],0.52129602861432,0.52129602861432,0.5,0.5,0.5,0.5,0.2,0.16666666666666666,1.0,1.0,0.0,0.0,0.0,0.0,0.0,0.0,0.0,0.0,0.0,0.0
QUU0032,як адмініструвати Linux сервер,uk,conceptual,ua_to_ua,3,2,10,0,"[""topic-032-ua.md"", ""topic-032-en.md"", ""topic-046-ua.md"", ""topic-007-ua.md"", ""topic-030-ua.md"", ""topic-033-en.md"", ""topic-033-ua.md"", ""topic-011-ua.md"", ""topic-011-en.md"", ""topic-008-ua.md""]",[],1,0,1,0,1.0,0.0,0.0,1.0,"[""topic-032-ua.md""]",[],[],0.8262346571285599,0.8262346571285599,0.5,0.5,1.0,1.0,0.2,0.1,1.0,1.0,0.0,0.0,0.0,0.0,0.0,0.0,0.0,0.0,0.0,0.0
QEE0032,how to administer Linux server,en,conceptual,en_to_en,4,2,10,0,"[""topic-032-en.md"", ""topic-046-en.md"", ""topic-046-ua.md"", ""topic-032-ua.md"", ""topic-007-en.md"", ""topic-030-en.md"", ""topic-033-en.md"", ""topic-033-ua.md"", ""topic-011-ua.md"", ""topic-011-en.md""]",[],1,0,1,0,1.0,0.0,0.0,1.0,"[""topic-032-en.md""]",[],[],0.8262346571285599,0.8262346571285599,0.5,0.5,1.0,1.0,0.2,0.1,1.0,1.0,0.0,0.0,0.0,0.0,0.0,0.0,0.0,0.0,0.0,0.0
QUE0032,як адмініструвати Linux сервер,uk,conceptual,ua_to_en,3,2,10,0,"[""topic-032-ua.md"", ""topic-032-en.md"", ""topic-046-ua.md"", ""topic-007-ua.md"", ""topic-030-ua.md"", ""topic-033-en.md"", ""topic-033-ua.md"", ""topic-011-ua.md"", ""topic-011-en.md"", ""topic-008-ua.md""]",[],1,0,1,0,2.0,0.0,0.0,1.0,"[""topic-032-en.md""]",[],[],0.52129602861432,0.52129602861432,0.5,0.5,0.5,0.5,0.2,0.1,1.0,1.0,0.0,0.0,0.0,0.0,0.0,0.0,0.0,0.0,0.0,0.0
QEU0032,how to administer Linux server,en,conceptual,en_to_ua,4,2,10,0,"[""topic-032-en.md"", ""topic-046-en.md"", ""topic-046-ua.md"", ""topic-032-ua.md"", ""topic-007-en.md"", ""topic-030-en.md"", ""topic-033-en.md"", ""topic-033-ua.md"", ""topic-011-ua.md"", ""topic-011-en.md""]",[],1,0,1,0,4.0,0.0,0.0,1.0,"[""topic-032-ua.md""]",[],[],0.35583989829307827,0.35583989829307827,0.5,0.5,0.25,0.25,0.2,0.1,1.0,1.0,0.0,0.0,0.0,0.0,0.0,0.0,0.0,0.0,0.0,0.0
QUU0033,як налаштувати cron планові завдання в Linux,uk,conceptual,ua_to_ua,5,2,8,0,"[""topic-033-ua.md"", ""topic-032-ua.md"", ""topic-033-en.md"", ""topic-032-en.md"", ""topic-011-ua.md"", ""topic-011-en.md"", ""topic-042-ua.md"", ""topic-013-ua.md""]",[],1,0,1,0,1.0,0.0,0.0,1.0,"[""topic-033-ua.md""]",[],[],0.8262346571285599,0.8262346571285599,0.5,0.5,1.0,1.0,0.2,0.125,1.0,1.0,0.0,0.0,0.0,0.0,0.0,0.0,0.0,0.0,0.0,0.0
QEE0033,how to schedule cron tasks in Linux,en,conceptual,en_to_en,5,2,7,0,"[""topic-033-en.md"", ""topic-032-en.md"", ""topic-033-ua.md"", ""topic-032-ua.md"", ""topic-011-ua.md"", ""topic-011-en.md"", ""topic-013-ua.md""]",[],1,0,1,0,1.0,0.0,0.0,1.0,"[""topic-033-en.md""]",[],[],0.8262346571285599,0.8262346571285599,0.5,0.5,1.0,1.0,0.2,0.14285714285714285,1.0,1.0,0.0,0.0,0.0,0.0,0.0,0.0,0.0,0.0,0.0,0.0
QUE0033,як налаштувати cron планові завдання в Linux,uk,conceptual,ua_to_en,5,2,8,0,"[""topic-033-ua.md"", ""topic-032-ua.md"", ""topic-033-en.md"", ""topic-032-en.md"", ""topic-011-ua.md"", ""topic-011-en.md"", ""topic-042-ua.md"", ""topic-013-ua.md""]",[],1,0,1,0,3.0,0.0,0.0,1.0,"[""topic-033-en.md""]",[],[],0.41311732856427996,0.41311732856427996,0.5,0.5,0.3333333333333333,0.3333333333333333,0.2,0.125,1.0,1.0,0.0,0.0,0.0,0.0,0.0,0.0,0.0,0.0,0.0,0.0
QEU0033,how to schedule cron tasks in Linux,en,conceptual,en_to_ua,5,2,7,0,"[""topic-033-en.md"", ""topic-032-en.md"", ""topic-033-ua.md"", ""topic-032-ua.md"", ""topic-011-ua.md"", ""topic-011-en.md"", ""topic-013-ua.md""]",[],1,0,1,0,3.0,0.0,0.0,1.0,"[""topic-033-ua.md""]",[],[],0.41311732856427996,0.41311732856427996,0.5,0.5,0.3333333333333333,0.3333333333333333,0.2,0.14285714285714285,1.0,1.0,0.0,0.0,0.0,0.0,0.0,0.0,0.0,0.0,0.0,0.0
QUU0034,як налаштувати Docker HEALTHCHECK,uk,conceptual,ua_to_ua,3,2,6,0,"[""topic-034-ua.md"", ""topic-034-en.md"", ""topic-002-en.md"", ""topic-002-ua.md"", ""topic-001-ua.md"", ""topic-001-en.md""]",[],1,0,1,0,1.0,0.0,0.0,1.0,"[""topic-034-ua.md""]",[],[],0.8262346571285599,0.8262346571285599,0.5,0.5,1.0,1.0,0.2,0.16666666666666666,1.0,1.0,0.0,0.0,0.0,0.0,0.0,0.0,0.0,0.0,0.0,0.0
QEE0034,how to configure Docker HEALTHCHECK,en,conceptual,en_to_en,4,2,9,0,"[""topic-034-en.md"", ""topic-034-ua.md"", ""topic-002-en.md"", ""topic-002-ua.md"", ""topic-001-ua.md"", ""topic-001-en.md"", ""topic-009-en.md"", ""topic-012-en.md"", ""topic-014-en.md""]",[],1,0,1,0,1.0,0.0,0.0,1.0,"[""topic-034-en.md""]",[],[],0.8262346571285599,0.8262346571285599,0.5,0.5,1.0,1.0,0.2,0.1111111111111111,1.0,1.0,0.0,0.0,0.0,0.0,0.0,0.0,0.0,0.0,0.0,0.0
QUE0034,як налаштувати Docker HEALTHCHECK,uk,conceptual,ua_to_en,3,2,6,0,"[""topic-034-ua.md"", ""topic-034-en.md"", ""topic-002-en.md"", ""topic-002-ua.md"", ""topic-001-ua.md"", ""topic-001-en.md""]",[],1,0,1,0,2.0,0.0,0.0,1.0,"[""topic-034-en.md""]",[],[],0.52129602861432,0.52129602861432,0.5,0.5,0.5,0.5,0.2,0.16666666666666666,1.0,1.0,0.0,0.0,0.0,0.0,0.0,0.0,0.0,0.0,0.0,0.0
QEU0034,how to configure Docker HEALTHCHECK,en,conceptual,en_to_ua,4,2,9,0,"[""topic-034-en.md"", ""topic-034-ua.md"", ""topic-002-en.md"", ""topic-002-ua.md"", ""topic-001-ua.md"", ""topic-001-en.md"", ""topic-009-en.md"", ""topic-012-en.md"", ""topic-014-en.md""]",[],1,0,1,0,2.0,0.0,0.0,1.0,"[""topic-034-ua.md""]",[],[],0.52129602861432,0.52129602861432,0.5,0.5,0.5,0.5,0.2,0.1111111111111111,1.0,1.0,0.0,0.0,0.0,0.0,0.0,0.0,0.0,0.0,0.0,0.0
QUU0035,що таке BGE-M3 модель ембедінгів,uk,conceptual,ua_to_ua,4,2,8,0,"[""topic-035-ua.md"", ""topic-036-ua.md"", ""topic-048-ua.md"", ""topic-035-en.md"", ""topic-048-en.md"", ""topic-036-en.md"", ""topic-045-en.md"", ""topic-045-ua.md""]",[],2,0,2,0,1.0,0.0,0.0,1.0,"[""topic-035-ua.md"", ""topic-036-ua.md""]",[],[],1.0,1.0,1.0,1.0,1.0,1.0,0.4,0.25,1.0,1.0,0.0,0.0,0.0,0.0,0.0,0.0,0.0,0.0,0.0,0.0
QEE0035,what is BGE-M3 embedding model,en,conceptual,en_to_en,3,2,10,3,"[""topic-035-en.md"", ""topic-048-en.md"", ""topic-036-en.md"", ""topic-048-ua.md"", ""topic-035-ua.md"", ""topic-046-ua.md"", ""topic-046-en.md"", ""topic-017-en.md"", ""topic-023-en.md"", ""topic-036-ua.md""]","[""topic-035-en.md"", ""topic-048-en.md"", ""topic-036-en.md""]",2,2,2,2,1.0,1.0,0.0,0.0,"[""topic-035-en.md"", ""topic-036-en.md""]","[""topic-035-en.md"", ""topic-036-en.md""]","[""topic-035-en.md"", ""topic-036-en.md""]",0.9639404333166532,0.9639404333166532,1.0,1.0,1.0,1.0,0.4,0.2,1.0,1.0,0.9639404333166532,0.9639404333166532,1.0,1.0,1.0,1.0,0.6666666666666666,0.6666666666666666,1.0,1.0
QUE0035,що таке BGE-M3 модель ембедінгів,uk,conceptual,ua_to_en,4,2,8,0,"[""topic-035-ua.md"", ""topic-036-ua.md"", ""topic-048-ua.md"", ""topic-035-en.md"", ""topic-048-en.md"", ""topic-036-en.md"", ""topic-045-en.md"", ""topic-045-ua.md""]",[],1,0,2,0,4.0,0.0,0.0,1.0,"[""topic-035-en.md"", ""topic-036-en.md""]",[],[],0.35583989829307827,0.4539434726620534,0.5,1.0,0.25,0.25,0.2,0.25,1.0,1.0,0.0,0.0,0.0,0.0,0.0,0.0,0.0,0.0,0.0,0.0
QEU0035,what is BGE-M3 embedding model,en,conceptual,en_to_ua,3,2,10,3,"[""topic-035-en.md"", ""topic-048-en.md"", ""topic-036-en.md"", ""topic-048-ua.md"", ""topic-035-ua.md"", ""topic-046-ua.md"", ""topic-046-en.md"", ""topic-017-en.md"", ""topic-023-en.md"", ""topic-036-ua.md""]","[""topic-035-en.md"", ""topic-048-en.md"", ""topic-036-en.md""]",1,0,2,0,5.0,0.0,0.0,0.0,"[""topic-035-ua.md"", ""topic-036-ua.md""]",[],[],0.3196311965446524,0.39924298909821465,0.5,1.0,0.2,0.2,0.2,0.2,1.0,1.0,0.0,0.0,0.0,0.0,0.0,0.0,0.0,0.0,0.0,0.0
QUU0036,що таке miniLM модель ембедінгів,uk,conceptual,ua_to_ua,4,2,5,0,"[""topic-036-ua.md"", ""topic-035-ua.md"", ""topic-048-ua.md"", ""topic-036-en.md"", ""topic-048-en.md""]",[],2,0,2,0,1.0,0.0,0.0,1.0,"[""topic-035-ua.md"", ""topic-036-ua.md""]",[],[],1.0,1.0,1.0,1.0,1.0,1.0,0.4,0.4,1.0,1.0,0.0,0.0,0.0,0.0,0.0,0.0,0.0,0.0,0.0,0.0
QEE0036,what is miniLM embedding model,en,conceptual,en_to_en,3,2,9,2,"[""topic-036-en.md"", ""topic-048-en.md"", ""topic-035-en.md"", ""topic-048-ua.md"", ""topic-036-ua.md"", ""topic-046-ua.md"", ""topic-046-en.md"", ""topic-017-en.md"", ""topic-023-en.md""]","[""topic-036-en.md"", ""topic-048-en.md""]",2,1,2,1,1.0,1.0,0.0,0.0,"[""topic-035-en.md"", ""topic-036-en.md""]","[""topic-036-en.md""]","[""topic-036-en.md""]",0.9639404333166532,0.9639404333166532,1.0,1.0,1.0,1.0,0.4,0.2222222222222222,1.0,1.0,0.8262346571285599,0.8262346571285599,0.5,0.5,1.0,1.0,0.5,0.5,1.0,1.0
QUE0036,що таке miniLM модель ембедінгів,uk,conceptual,ua_to_en,4,2,5,0,"[""topic-036-ua.md"", ""topic-035-ua.md"", ""topic-048-ua.md"", ""topic-036-en.md"", ""topic-048-en.md""]",[],1,0,1,0,4.0,0.0,0.0,1.0,"[""topic-036-en.md""]",[],[],0.35583989829307827,0.35583989829307827,0.5,0.5,0.25,0.25,0.2,0.2,1.0,1.0,0.0,0.0,0.0,0.0,0.0,0.0,0.0,0.0,0.0,0.0
QEU0036,what is miniLM embedding model,en,conceptual,en_to_ua,3,2,9,2,"[""topic-036-en.md"", ""topic-048-en.md"", ""topic-035-en.md"", ""topic-048-ua.md"", ""topic-036-ua.md"", ""topic-046-ua.md"", ""topic-046-en.md"", ""topic-017-en.md"", ""topic-023-en.md""]","[""topic-036-en.md"", ""topic-048-en.md""]",1,0,1,0,5.0,0.0,0.0,0.0,"[""topic-036-ua.md""]",[],[],0.3196311965446524,0.3196311965446524,0.5,0.5,0.2,0.2,0.2,0.1111111111111111,1.0,1.0,0.0,0.0,0.0,0.0,0.0,0.0,0.0,0.0,0.0,0.0
QUU0037,як працює Cross-Encoder для реранкінгу,uk,conceptual,ua_to_ua,3,2,3,0,"[""topic-037-ua.md"", ""topic-037-en.md"", ""topic-049-ua.md""]",[],1,0,1,0,1.0,0.0,0.0,1.0,"[""topic-037-ua.md""]",[],[],0.8262346571285599,0.8262346571285599,0.5,0.5,1.0,1.0,0.3333333333333333,0.3333333333333333,1.0,1.0,0.0,0.0,0.0,0.0,0.0,0.0,0.0,0.0,0.0,0.0
QEE0037,how does Cross-Encoder reranking work,en,conceptual,en_to_en,4,2,4,0,"[""topic-037-en.md"", ""topic-037-ua.md"", ""topic-027-en.md"", ""topic-027-ua.md""]",[],1,0,1,0,1.0,0.0,0.0,1.0,"[""topic-037-en.md""]",[],[],0.8262346571285599,0.8262346571285599,0.5,0.5,1.0,1.0,0.25,0.25,1.0,1.0,0.0,0.0,0.0,0.0,0.0,0.0,0.0,0.0,0.0,0.0
QUE0037,як працює Cross-Encoder для реранкінгу,uk,conceptual,ua_to_en,3,2,3,0,"[""topic-037-ua.md"", ""topic-037-en.md"", ""topic-049-ua.md""]",[],1,0,1,0,2.0,0.0,0.0,1.0,"[""topic-037-en.md""]",[],[],0.52129602861432,0.52129602861432,0.5,0.5,0.5,0.5,0.3333333333333333,0.3333333333333333,1.0,1.0,0.0,0.0,0.0,0.0,0.0,0.0,0.0,0.0,0.0,0.0
QEU0037,how does Cross-Encoder reranking work,en,conceptual,en_to_ua,4,2,4,0,"[""topic-037-en.md"", ""topic-037-ua.md"", ""topic-027-en.md"", ""topic-027-ua.md""]",[],1,0,1,0,2.0,0.0,0.0,1.0,"[""topic-037-ua.md""]",[],[],0.52129602861432,0.52129602861432,0.5,0.5,0.5,0.5,0.25,0.25,1.0,1.0,0.0,0.0,0.0,0.0,0.0,0.0,0.0,0.0,0.0,0.0
QUU0038,що таке метрика nDCG для оцінки пошуку,uk,conceptual,ua_to_ua,5,2,6,0,"[""topic-038-ua.md"", ""topic-039-ua.md"", ""topic-038-en.md"", ""topic-040-ua.md"", ""topic-039-en.md"", ""topic-045-ua.md""]",[],1,0,1,0,1.0,0.0,0.0,1.0,"[""topic-038-ua.md""]",[],[],0.8262346571285599,0.8262346571285599,0.5,0.5,1.0,1.0,0.2,0.16666666666666666,1.0,1.0,0.0,0.0,0.0,0.0,0.0,0.0,0.0,0.0,0.0,0.0
QEE0038,what is nDCG metric for search evaluation,en,conceptual,en_to_en,4,2,10,1,"[""topic-038-en.md"", ""topic-039-en.md"", ""topic-038-ua.md"", ""topic-039-ua.md"", ""topic-040-ua.md"", ""topic-009-en.md"", ""topic-040-en.md"", ""topic-047-en.md"", ""topic-047-ua.md"", ""topic-045-en.md""]","[""topic-038-en.md""]",1,1,1,1,1.0,1.0,0.0,0.0,"[""topic-038-en.md""]","[""topic-038-en.md""]","[""topic-038-en.md""]",0.8262346571285599,0.8262346571285599,0.5,0.5,1.0,1.0,0.2,0.1,1.0,1.0,0.8262346571285599,0.8262346571285599,0.5,0.5,1.0,1.0,1.0,1.0,1.0,1.0
QUE0038,що таке метрика nDCG для оцінки пошуку,uk,conceptual,ua_to_en,5,2,6,0,"[""topic-038-ua.md"", ""topic-039-ua.md"", ""topic-038-en.md"", ""topic-040-ua.md"", ""topic-039-en.md"", ""topic-045-ua.md""]",[],1,0,1,0,3.0,0.0,0.0,1.0,"[""topic-038-en.md""]",[],[],0.41311732856427996,0.41311732856427996,0.5,0.5,0.3333333333333333,0.3333333333333333,0.2,0.16666666666666666,1.0,1.0,0.0,0.0,0.0,0.0,0.0,0.0,0.0,0.0,0.0,0.0
QEU0038,what is nDCG metric for search evaluation,en,conceptual,en_to_ua,4,2,10,1,"[""topic-038-en.md"", ""topic-039-en.md"", ""topic-038-ua.md"", ""topic-039-ua.md"", ""topic-040-ua.md"", ""topic-009-en.md"", ""topic-040-en.md"", ""topic-047-en.md"", ""topic-047-ua.md"", ""topic-045-en.md""]","[""topic-038-en.md""]",1,0,1,0,3.0,0.0,0.0,0.0,"[""topic-038-ua.md""]",[],[],0.41311732856427996,0.41311732856427996,0.5,0.5,0.3333333333333333,0.3333333333333333,0.2,0.1,1.0,1.0,0.0,0.0,0.0,0.0,0.0,0.0,0.0,0.0,0.0,0.0
QUU0039,що таке метрика UDCG,uk,conceptual,ua_to_ua,3,2,3,0,"[""topic-039-ua.md"", ""topic-039-en.md"", ""topic-038-ua.md""]",[],1,0,1,0,1.0,0.0,0.0,1.0,"[""topic-039-ua.md""]",[],[],0.8262346571285599,0.8262346571285599,0.5,0.5,1.0,1.0,0.3333333333333333,0.3333333333333333,1.0,1.0,0.0,0.0,0.0,0.0,0.0,0.0,0.0,0.0,0.0,0.0
QEE0039,what is UDCG metric,en,conceptual,en_to_en,2,2,4,1,"[""topic-039-en.md"", ""topic-039-ua.md"", ""topic-038-en.md"", ""topic-009-en.md""]","[""topic-039-en.md""]",1,1,1,1,1.0,1.0,0.0,0.0,"[""topic-039-en.md""]","[""topic-039-en.md""]","[""topic-039-en.md""]",0.8262346571285599,0.8262346571285599,0.5,0.5,1.0,1.0,0.25,0.25,1.0,1.0,0.8262346571285599,0.8262346571285599,0.5,0.5,1.0,1.0,1.0,1.0,1.0,1.0
QUE0039,що таке метрика UDCG,uk,conceptual,ua_to_en,3,2,3,0,"[""topic-039-ua.md"", ""topic-039-en.md"", ""topic-038-ua.md""]",[],1,0,1,0,2.0,0.0,0.0,1.0,"[""topic-039-en.md""]",[],[],0.52129602861432,0.52129602861432,0.5,0.5,0.5,0.5,0.3333333333333333,0.3333333333333333,1.0,1.0,0.0,0.0,0.0,0.0,0.0,0.0,0.0,0.0,0.0,0.0
QEU0039,what is UDCG metric,en,conceptual,en_to_ua,2,2,4,1,"[""topic-039-en.md"", ""topic-039-ua.md"", ""topic-038-en.md"", ""topic-009-en.md""]","[""topic-039-en.md""]",1,0,1,0,2.0,0.0,0.0,0.0,"[""topic-039-ua.md""]",[],[],0.52129602861432,0.52129602861432,0.5,0.5,0.5,0.5,0.25,0.25,1.0,1.0,0.0,0.0,0.0,0.0,0.0,0.0,0.0,0.0,0.0,0.0
QUU0040,що таке FTS5 пошуковий індекс,uk,conceptual,ua_to_ua,4,2,4,0,"[""topic-040-ua.md"", ""topic-040-en.md"", ""topic-045-en.md"", ""topic-045-ua.md""]",[],1,0,1,0,1.0,0.0,0.0,1.0,"[""topic-040-ua.md""]",[],[],0.8262346571285599,0.8262346571285599,0.5,0.5,1.0,1.0,0.25,0.25,1.0,1.0,0.0,0.0,0.0,0.0,0.0,0.0,0.0,0.0,0.0,0.0
QEE0040,what is FTS5 search index,en,conceptual,en_to_en,3,2,10,1,"[""topic-040-en.md"", ""topic-040-ua.md"", ""topic-045-en.md"", ""topic-045-ua.md"", ""topic-047-en.md"", ""topic-047-ua.md"", ""topic-038-ua.md"", ""topic-039-ua.md"", ""topic-038-en.md"", ""topic-039-en.md""]","[""topic-040-en.md""]",1,1,2,1,1.0,1.0,0.0,0.0,"[""topic-039-en.md"", ""topic-040-en.md""]","[""topic-040-en.md""]","[""topic-040-en.md""]",0.8262346571285599,0.9058464496821221,0.5,1.0,1.0,1.0,0.2,0.2,1.0,1.0,0.8262346571285599,0.8262346571285599,0.5,0.5,1.0,1.0,1.0,1.0,1.0,1.0
QUE0040,що таке FTS5 пошуковий індекс,uk,conceptual,ua_to_en,4,2,4,0,"[""topic-040-ua.md"", ""topic-040-en.md"", ""topic-045-en.md"", ""topic-045-ua.md""]",[],1,0,1,0,2.0,0.0,0.0,1.0,"[""topic-040-en.md""]",[],[],0.52129602861432,0.52129602861432,0.5,0.5,0.5,0.5,0.25,0.25,1.0,1.0,0.0,0.0,0.0,0.0,0.0,0.0,0.0,0.0,0.0,0.0
QEU0040,what is FTS5 search index,en,conceptual,en_to_ua,3,2,10,1,"[""topic-040-en.md"", ""topic-040-ua.md"", ""topic-045-en.md"", ""topic-045-ua.md"", ""topic-047-en.md"", ""topic-047-ua.md"", ""topic-038-ua.md"", ""topic-039-ua.md"", ""topic-038-en.md"", ""topic-039-en.md""]","[""topic-040-en.md""]",1,0,2,0,2.0,0.0,0.0,0.0,"[""topic-039-ua.md"", ""topic-040-ua.md""]",[],[],0.52129602861432,0.60817870005004,0.5,1.0,0.5,0.5,0.2,0.2,1.0,1.0,0.0,0.0,0.0,0.0,0.0,0.0,0.0,0.0,0.0,0.0
QUU0041,як використовувати Chain-of-Thought промптинг,uk,conceptual,ua_to_ua,3,2,3,0,"[""topic-041-ua.md"", ""topic-041-en.md"", ""topic-002-ua.md""]",[],1,0,1,0,1.0,0.0,0.0,1.0,"[""topic-041-ua.md""]",[],[],0.8262346571285599,0.8262346571285599,0.5,0.5,1.0,1.0,0.3333333333333333,0.3333333333333333,1.0,1.0,0.0,0.0,0.0,0.0,0.0,0.0,0.0,0.0,0.0,0.0
QEE0041,how to use Chain-of-Thought prompting,en,conceptual,en_to_en,4,2,10,0,"[""topic-041-en.md"", ""topic-041-ua.md"", ""topic-042-en.md"", ""topic-017-en.md"", ""topic-023-en.md"", ""topic-021-en.md"", ""topic-006-en.md"", ""topic-029-en.md"", ""topic-020-en.md"", ""topic-042-ua.md""]",[],2,0,2,0,1.0,0.0,0.0,1.0,"[""topic-041-en.md"", ""topic-042-en.md""]",[],[],0.9639404333166532,0.9639404333166532,1.0,1.0,1.0,1.0,0.4,0.2,1.0,1.0,0.0,0.0,0.0,0.0,0.0,0.0,0.0,0.0,0.0,0.0
QUE0041,як використовувати Chain-of-Thought промптинг,uk,conceptual,ua_to_en,3,2,3,0,"[""topic-041-ua.md"", ""topic-041-en.md"", ""topic-002-ua.md""]",[],1,0,1,0,2.0,0.0,0.0,1.0,"[""topic-041-en.md""]",[],[],0.52129602861432,0.52129602861432,0.5,0.5,0.5,0.5,0.3333333333333333,0.3333333333333333,1.0,1.0,0.0,0.0,0.0,0.0,0.0,0.0,0.0,0.0,0.0,0.0
QEU0041,how to use Chain-of-Thought prompting,en,conceptual,en_to_ua,4,2,10,0,"[""topic-041-en.md"", ""topic-041-ua.md"", ""topic-042-en.md"", ""topic-017-en.md"", ""topic-023-en.md"", ""topic-021-en.md"", ""topic-006-en.md"", ""topic-029-en.md"", ""topic-020-en.md"", ""topic-042-ua.md""]",[],1,0,2,0,2.0,0.0,0.0,1.0,"[""topic-041-ua.md"", ""topic-042-ua.md""]",[],[],0.52129602861432,0.6009078211678822,0.5,1.0,0.5,0.5,0.2,0.2,1.0,1.0,0.0,0.0,0.0,0.0,0.0,0.0,0.0,0.0,0.0,0.0
QUU0042,як дизайнити ефективні промпти для LLM,uk,conceptual,ua_to_ua,4,2,7,0,"[""topic-041-ua.md"", ""topic-042-en.md"", ""topic-042-ua.md"", ""topic-041-en.md"", ""topic-045-en.md"", ""topic-045-ua.md"", ""topic-046-ua.md""]",[],2,0,2,0,1.0,0.0,0.0,1.0,"[""topic-041-ua.md"", ""topic-042-ua.md""]",[],[],0.6885288809404666,0.6885288809404666,1.0,1.0,1.0,1.0,0.4,0.2857142857142857,1.0,1.0,0.0,0.0,0.0,0.0,0.0,0.0,0.0,0.0,0.0,0.0
QEE0042,how to design effective LLM prompts,en,conceptual,en_to_en,5,2,9,0,"[""topic-042-en.md"", ""topic-027-en.md"", ""topic-042-ua.md"", ""topic-041-ua.md"", ""topic-041-en.md"", ""topic-045-en.md"", ""topic-045-ua.md"", ""topic-046-en.md"", ""topic-027-ua.md""]",[],2,0,2,0,1.0,0.0,0.0,1.0,"[""topic-041-en.md"", ""topic-042-en.md""]",[],[],0.9327783893101107,0.9327783893101107,1.0,1.0,1.0,1.0,0.4,0.2222222222222222,1.0,1.0,0.0,0.0,0.0,0.0,0.0,0.0,0.0,0.0,0.0,0.0
QUE0042,як дизайнити ефективні промпти для LLM,uk,conceptual,ua_to_en,4,2,7,0,"[""topic-041-ua.md"", ""topic-042-en.md"", ""topic-042-ua.md"", ""topic-041-en.md"", ""topic-045-en.md"", ""topic-045-ua.md"", ""topic-046-ua.md""]",[],2,0,2,0,2.0,0.0,0.0,1.0,"[""topic-041-en.md"", ""topic-042-en.md""]",[],[],0.639909328045346,0.639909328045346,1.0,1.0,0.5,0.5,0.4,0.2857142857142857,1.0,1.0,0.0,0.0,0.0,0.0,0.0,0.0,0.0,0.0,0.0,0.0
QEU0042,how to design effective LLM prompts,en,conceptual,en_to_ua,5,2,9,0,"[""topic-042-en.md"", ""topic-027-en.md"", ""topic-042-ua.md"", ""topic-041-ua.md"", ""topic-041-en.md"", ""topic-045-en.md"", ""topic-045-ua.md"", ""topic-046-en.md"", ""topic-027-ua.md""]",[],2,0,2,0,3.0,0.0,0.0,1.0,"[""topic-041-ua.md"", ""topic-042-ua.md""]",[],[],0.531730627995306,0.531730627995306,1.0,1.0,0.3333333333333333,0.3333333333333333,0.4,0.2222222222222222,1.0,1.0,0.0,0.0,0.0,0.0,0.0,0.0,0.0,0.0,0.0,0.0
QUU0043,що таке OKF метадані для нотаток,uk,conceptual,ua_to_ua,4,2,4,0,"[""topic-043-ua.md"", ""topic-043-en.md"", ""topic-045-en.md"", ""topic-045-ua.md""]",[],1,0,1,0,1.0,0.0,0.0,1.0,"[""topic-043-ua.md""]",[],[],0.8262346571285599,0.8262346571285599,0.5,0.5,1.0,1.0,0.25,0.25,1.0,1.0,0.0,0.0,0.0,0.0,0.0,0.0,0.0,0.0,0.0,0.0
QEE0043,what is OKF metadata for notes,en,conceptual,en_to_en,3,2,4,1,"[""topic-043-en.md"", ""topic-043-ua.md"", ""topic-045-en.md"", ""topic-045-ua.md""]","[""topic-043-en.md""]",1,1,1,1,1.0,1.0,0.0,0.0,"[""topic-043-en.md""]","[""topic-043-en.md""]","[""topic-043-en.md""]",0.8262346571285599,0.8262346571285599,0.5,0.5,1.0,1.0,0.25,0.25,1.0,1.0,0.8262346571285599,0.8262346571285599,0.5,0.5,1.0,1.0,1.0,1.0,1.0,1.0
QUE0043,що таке OKF метадані для нотаток,uk,conceptual,ua_to_en,4,2,4,0,"[""topic-043-ua.md"", ""topic-043-en.md"", ""topic-045-en.md"", ""topic-045-ua.md""]",[],1,0,1,0,2.0,0.0,0.0,1.0,"[""topic-043-en.md""]",[],[],0.52129602861432,0.52129602861432,0.5,0.5,0.5,0.5,0.25,0.25,1.0,1.0,0.0,0.0,0.0,0.0,0.0,0.0,0.0,0.0,0.0,0.0
QEU0043,what is OKF metadata for notes,en,conceptual,en_to_ua,3,2,4,1,"[""topic-043-en.md"", ""topic-043-ua.md"", ""topic-045-en.md"", ""topic-045-ua.md""]","[""topic-043-en.md""]",1,0,1,0,2.0,0.0,0.0,0.0,"[""topic-043-ua.md""]",[],[],0.52129602861432,0.52129602861432,0.5,0.5,0.5,0.5,0.25,0.25,1.0,1.0,0.0,0.0,0.0,0.0,0.0,0.0,0.0,0.0,0.0,0.0
QUU0044,що таке P.A.R.A. методологія,uk,conceptual,ua_to_ua,4,2,10,0,"[""topic-044-ua.md"", ""topic-050-en.md"", ""topic-044-en.md"", ""topic-029-en.md"", ""topic-010-en.md"", ""topic-020-en.md"", ""topic-041-en.md"", ""topic-025-en.md"", ""topic-045-en.md"", ""topic-010-ua.md""]",[],1,0,1,0,1.0,0.0,0.0,1.0,"[""topic-044-ua.md""]",[],[],0.8262346571285599,0.8262346571285599,0.5,0.5,1.0,1.0,0.2,0.1,1.0,1.0,0.0,0.0,0.0,0.0,0.0,0.0,0.0,0.0,0.0,0.0
QEE0044,what is P.A.R.A. methodology,en,conceptual,en_to_en,3,2,10,1,"[""topic-043-en.md"", ""topic-050-en.md"", ""topic-044-en.md"", ""topic-044-ua.md"", ""topic-029-en.md"", ""topic-010-en.md"", ""topic-020-en.md"", ""topic-041-en.md"", ""topic-025-en.md"", ""topic-045-en.md""]","[""topic-043-en.md""]",2,1,2,1,1.0,1.0,0.0,0.0,"[""topic-043-en.md"", ""topic-044-en.md""]","[""topic-043-en.md""]","[""topic-043-en.md""]",0.6885288809404666,0.6885288809404666,1.0,1.0,1.0,1.0,0.4,0.2,1.0,1.0,0.27541155237618664,0.27541155237618664,0.5,0.5,1.0,1.0,1.0,1.0,1.0,1.0
QUE0044,що таке P.A.R.A. методологія,uk,conceptual,ua_to_en,4,2,10,0,"[""topic-044-ua.md"", ""topic-050-en.md"", ""topic-044-en.md"", ""topic-029-en.md"", ""topic-010-en.md"", ""topic-020-en.md"", ""topic-041-en.md"", ""topic-025-en.md"", ""topic-045-en.md"", ""topic-010-ua.md""]",[],1,0,1,0,3.0,0.0,0.0,1.0,"[""topic-044-en.md""]",[],[],0.41311732856427996,0.41311732856427996,0.5,0.5,0.3333333333333333,0.3333333333333333,0.2,0.1,1.0,1.0,0.0,0.0,0.0,0.0,0.0,0.0,0.0,0.0,0.0,0.0
QEU0044,what is P.A.R.A. methodology,en,conceptual,en_to_ua,3,2,10,1,"[""topic-043-en.md"", ""topic-050-en.md"", ""topic-044-en.md"", ""topic-044-ua.md"", ""topic-029-en.md"", ""topic-010-en.md"", ""topic-020-en.md"", ""topic-041-en.md"", ""topic-025-en.md"", ""topic-045-en.md""]","[""topic-043-en.md""]",1,0,1,0,4.0,0.0,0.0,0.0,"[""topic-044-ua.md""]",[],[],0.35583989829307827,0.35583989829307827,0.5,0.5,0.25,0.25,0.2,0.1,1.0,1.0,0.0,0.0,0.0,0.0,0.0,0.0,0.0,0.0,0.0,0.0
QUU0045,що таке POWER Framework,uk,conceptual,ua_to_ua,3,2,4,0,"[""topic-045-en.md"", ""topic-045-ua.md"", ""topic-024-en.md"", ""topic-025-en.md""]",[],1,0,1,0,2.0,0.0,0.0,1.0,"[""topic-045-ua.md""]",[],[],0.52129602861432,0.52129602861432,0.5,0.5,0.5,0.5,0.25,0.25,1.0,1.0,0.0,0.0,0.0,0.0,0.0,0.0,0.0,0.0,0.0,0.0
QEE0045,what is POWER Framework,en,conceptual,en_to_en,2,2,4,2,"[""topic-045-en.md"", ""topic-045-ua.md"", ""topic-024-en.md"", ""topic-025-en.md""]","[""topic-045-en.md"", ""topic-045-ua.md""]",1,1,1,1,1.0,1.0,0.0,0.0,"[""topic-045-en.md""]","[""topic-045-en.md""]","[""topic-045-en.md""]",0.8262346571285599,0.8262346571285599,0.5,0.5,1.0,1.0,0.25,0.25,1.0,1.0,0.8262346571285599,0.8262346571285599,0.5,0.5,1.0,1.0,0.5,0.5,1.0,1.0
QUE0045,що таке POWER Framework,uk,conceptual,ua_to_en,3,2,4,0,"[""topic-045-en.md"", ""topic-045-ua.md"", ""topic-024-en.md"", ""topic-025-en.md""]",[],1,0,1,0,1.0,0.0,0.0,1.0,"[""topic-045-en.md""]",[],[],0.8262346571285599,0.8262346571285599,0.5,0.5,1.0,1.0,0.25,0.25,1.0,1.0,0.0,0.0,0.0,0.0,0.0,0.0,0.0,0.0,0.0,0.0
QEU0045,what is POWER Framework,en,conceptual,en_to_ua,2,2,4,2,"[""topic-045-en.md"", ""topic-045-ua.md"", ""topic-024-en.md"", ""topic-025-en.md""]","[""topic-045-en.md"", ""topic-045-ua.md""]",1,1,1,1,2.0,2.0,0.0,0.0,"[""topic-045-ua.md""]","[""topic-045-ua.md""]","[""topic-045-ua.md""]",0.52129602861432,0.52129602861432,0.5,0.5,0.5,0.5,0.25,0.25,1.0,1.0,0.52129602861432,0.52129602861432,0.5,0.5,0.5,0.5,0.5,0.5,1.0,1.0
QUU0046,що таке MCP Server для AI агентів,uk,conceptual,ua_to_ua,5,2,6,0,"[""topic-046-ua.md"", ""topic-046-en.md"", ""topic-007-ua.md"", ""topic-032-en.md"", ""topic-007-en.md"", ""topic-030-en.md""]",[],1,0,1,0,1.0,0.0,0.0,1.0,"[""topic-046-ua.md""]",[],[],0.8262346571285599,0.8262346571285599,0.5,0.5,1.0,1.0,0.2,0.16666666666666666,1.0,1.0,0.0,0.0,0.0,0.0,0.0,0.0,0.0,0.0,0.0,0.0
QEE0046,what is MCP Server for AI agents,en,conceptual,en_to_en,4,2,6,1,"[""topic-046-en.md"", ""topic-046-ua.md"", ""topic-007-en.md"", ""topic-045-en.md"", ""topic-032-en.md"", ""topic-030-en.md""]","[""topic-046-en.md""]",2,1,2,1,1.0,1.0,0.0,0.0,"[""topic-045-en.md"", ""topic-046-en.md""]","[""topic-046-en.md""]","[""topic-046-en.md""]",0.944847956559586,0.944847956559586,1.0,1.0,1.0,1.0,0.4,0.3333333333333333,1.0,1.0,0.8262346571285599,0.8262346571285599,0.5,0.5,1.0,1.0,1.0,1.0,1.0,1.0
QUE0046,що таке MCP Server для AI агентів,uk,conceptual,ua_to_en,5,2,6,0,"[""topic-046-ua.md"", ""topic-046-en.md"", ""topic-007-ua.md"", ""topic-032-en.md"", ""topic-007-en.md"", ""topic-030-en.md""]",[],1,0,1,0,2.0,0.0,0.0,1.0,"[""topic-046-en.md""]",[],[],0.52129602861432,0.52129602861432,0.5,0.5,0.5,0.5,0.2,0.16666666666666666,1.0,1.0,0.0,0.0,0.0,0.0,0.0,0.0,0.0,0.0,0.0,0.0
QEU0046,what is MCP Server for AI agents,en,conceptual,en_to_ua,4,2,6,1,"[""topic-046-en.md"", ""topic-046-ua.md"", ""topic-007-en.md"", ""topic-045-en.md"", ""topic-032-en.md"", ""topic-030-en.md""]","[""topic-046-en.md""]",1,0,1,0,2.0,0.0,0.0,0.0,"[""topic-046-ua.md""]",[],[],0.52129602861432,0.52129602861432,0.5,0.5,0.5,0.5,0.2,0.16666666666666666,1.0,1.0,0.0,0.0,0.0,0.0,0.0,0.0,0.0,0.0,0.0,0.0
QUU0047,що таке Graph RAG пошук знань,uk,conceptual,ua_to_ua,5,2,10,0,"[""topic-047-ua.md"", ""topic-047-en.md"", ""topic-044-ua.md"", ""topic-040-ua.md"", ""topic-040-en.md"", ""topic-038-ua.md"", ""topic-039-ua.md"", ""topic-038-en.md"", ""topic-039-en.md"", ""topic-045-en.md""]",[],1,0,1,0,1.0,0.0,0.0,1.0,"[""topic-047-ua.md""]",[],[],0.8262346571285599,0.8262346571285599,0.5,0.5,1.0,1.0,0.2,0.1,1.0,1.0,0.0,0.0,0.0,0.0,0.0,0.0,0.0,0.0,0.0,0.0
QEE0047,what is Graph RAG knowledge search,en,conceptual,en_to_en,4,2,10,1,"[""topic-047-en.md"", ""topic-047-ua.md"", ""topic-044-en.md"", ""topic-040-ua.md"", ""topic-040-en.md"", ""topic-038-ua.md"", ""topic-039-ua.md"", ""topic-038-en.md"", ""topic-039-en.md"", ""topic-043-en.md""]","[""topic-047-en.md""]",1,1,1,1,1.0,1.0,0.0,0.0,"[""topic-047-en.md""]","[""topic-047-en.md""]","[""topic-047-en.md""]",0.8262346571285599,0.8262346571285599,0.5,0.5,1.0,1.0,0.2,0.1,1.0,1.0,0.8262346571285599,0.8262346571285599,0.5,0.5,1.0,1.0,1.0,1.0,1.0,1.0
QUE0047,що таке Graph RAG пошук знань,uk,conceptual,ua_to_en,5,2,10,0,"[""topic-047-ua.md"", ""topic-047-en.md"", ""topic-044-ua.md"", ""topic-040-ua.md"", ""topic-040-en.md"", ""topic-038-ua.md"", ""topic-039-ua.md"", ""topic-038-en.md"", ""topic-039-en.md"", ""topic-045-en.md""]",[],1,0,1,0,2.0,0.0,0.0,1.0,"[""topic-047-en.md""]",[],[],0.52129602861432,0.52129602861432,0.5,0.5,0.5,0.5,0.2,0.1,1.0,1.0,0.0,0.0,0.0,0.0,0.0,0.0,0.0,0.0,0.0,0.0
QEU0047,what is Graph RAG knowledge search,en,conceptual,en_to_ua,4,2,10,1,"[""topic-047-en.md"", ""topic-047-ua.md"", ""topic-044-en.md"", ""topic-040-ua.md"", ""topic-040-en.md"", ""topic-038-ua.md"", ""topic-039-ua.md"", ""topic-038-en.md"", ""topic-039-en.md"", ""topic-043-en.md""]","[""topic-047-en.md""]",1,0,1,0,2.0,0.0,0.0,0.0,"[""topic-047-ua.md""]",[],[],0.52129602861432,0.52129602861432,0.5,0.5,0.5,0.5,0.2,0.1,1.0,1.0,0.0,0.0,0.0,0.0,0.0,0.0,0.0,0.0,0.0,0.0
QUU0048,порівняння моделей ембедінгів BGE-M3 OpenAI miniLM,uk,conceptual,ua_to_ua,6,2,8,1,"[""topic-048-ua.md"", ""topic-036-ua.md"", ""topic-048-en.md"", ""topic-035-ua.md"", ""topic-036-en.md"", ""topic-035-en.md"", ""topic-045-en.md"", ""topic-045-ua.md""]","[""topic-048-ua.md""]",1,1,1,1,1.0,1.0,0.0,0.0,"[""topic-048-ua.md""]","[""topic-048-ua.md""]","[""topic-048-ua.md""]",0.8262346571285599,0.8262346571285599,0.5,0.5,1.0,1.0,0.2,0.125,1.0,1.0,0.8262346571285599,0.8262346571285599,0.5,0.5,1.0,1.0,1.0,1.0,1.0,1.0
QEE0048,compare embedding models BGE-M3 OpenAI miniLM,en,conceptual,en_to_en,6,2,10,0,"[""topic-048-en.md"", ""topic-048-ua.md"", ""topic-036-en.md"", ""topic-035-en.md"", ""topic-036-ua.md"", ""topic-035-ua.md"", ""topic-017-en.md"", ""topic-023-en.md"", ""topic-045-en.md"", ""topic-045-ua.md""]",[],1,0,1,0,1.0,0.0,0.0,1.0,"[""topic-048-en.md""]",[],[],0.8262346571285599,0.8262346571285599,0.5,0.5,1.0,1.0,0.2,0.1,1.0,1.0,0.0,0.0,0.0,0.0,0.0,0.0,0.0,0.0,0.0,0.0
QUE0048,порівняння моделей ембедінгів BGE-M3 OpenAI miniLM,uk,conceptual,ua_to_en,6,2,8,1,"[""topic-048-ua.md"", ""topic-036-ua.md"", ""topic-048-en.md"", ""topic-035-ua.md"", ""topic-036-en.md"", ""topic-035-en.md"", ""topic-045-en.md"", ""topic-045-ua.md""]","[""topic-048-ua.md""]",1,0,1,0,3.0,0.0,0.0,0.0,"[""topic-048-en.md""]",[],[],0.41311732856427996,0.41311732856427996,0.5,0.5,0.3333333333333333,0.3333333333333333,0.2,0.125,1.0,1.0,0.0,0.0,0.0,0.0,0.0,0.0,0.0,0.0,0.0,0.0
QEU0048,compare embedding models BGE-M3 OpenAI miniLM,en,conceptual,en_to_ua,6,2,10,0,"[""topic-048-en.md"", ""topic-048-ua.md"", ""topic-036-en.md"", ""topic-035-en.md"", ""topic-036-ua.md"", ""topic-035-ua.md"", ""topic-017-en.md"", ""topic-023-en.md"", ""topic-045-en.md"", ""topic-045-ua.md""]",[],1,0,1,0,2.0,0.0,0.0,1.0,"[""topic-048-ua.md""]",[],[],0.52129602861432,0.52129602861432,0.5,0.5,0.5,0.5,0.2,0.1,1.0,1.0,0.0,0.0,0.0,0.0,0.0,0.0,0.0,0.0,0.0,0.0
QUU0049,що таке Service Mesh з Istio,uk,conceptual,ua_to_ua,5,2,10,0,"[""topic-049-ua.md"", ""topic-049-en.md"", ""topic-003-ua.md"", ""topic-003-en.md"", ""topic-014-ua.md"", ""topic-014-en.md"", ""topic-032-en.md"", ""topic-026-en.md"", ""topic-004-en.md"", ""topic-002-en.md""]",[],1,0,1,0,1.0,0.0,0.0,1.0,"[""topic-049-ua.md""]",[],[],0.8262346571285599,0.8262346571285599,0.5,0.5,1.0,1.0,0.2,0.1,1.0,1.0,0.0,0.0,0.0,0.0,0.0,0.0,0.0,0.0,0.0,0.0
QEE0049,what is Service Mesh with Istio,en,conceptual,en_to_en,4,2,10,1,"[""topic-049-en.md"", ""topic-049-ua.md"", ""topic-003-en.md"", ""topic-026-en.md"", ""topic-003-ua.md"", ""topic-014-ua.md"", ""topic-002-en.md"", ""topic-014-en.md"", ""topic-032-en.md"", ""topic-004-en.md""]","[""topic-049-en.md""]",1,1,1,1,1.0,1.0,0.0,0.0,"[""topic-049-en.md""]","[""topic-049-en.md""]","[""topic-049-en.md""]",0.8262346571285599,0.8262346571285599,0.5,0.5,1.0,1.0,0.2,0.1,1.0,1.0,0.8262346571285599,0.8262346571285599,0.5,0.5,1.0,1.0,1.0,1.0,1.0,1.0
QUE0049,що таке Service Mesh з Istio,uk,conceptual,ua_to_en,5,2,10,0,"[""topic-049-ua.md"", ""topic-049-en.md"", ""topic-003-ua.md"", ""topic-003-en.md"", ""topic-014-ua.md"", ""topic-014-en.md"", ""topic-032-en.md"", ""topic-026-en.md"", ""topic-004-en.md"", ""topic-002-en.md""]",[],1,0,1,0,2.0,0.0,0.0,1.0,"[""topic-049-en.md""]",[],[],0.52129602861432,0.52129602861432,0.5,0.5,0.5,0.5,0.2,0.1,1.0,1.0,0.0,0.0,0.0,0.0,0.0,0.0,0.0,0.0,0.0,0.0
QEU0049,what is Service Mesh with Istio,en,conceptual,en_to_ua,4,2,10,1,"[""topic-049-en.md"", ""topic-049-ua.md"", ""topic-003-en.md"", ""topic-026-en.md"", ""topic-003-ua.md"", ""topic-014-ua.md"", ""topic-002-en.md"", ""topic-014-en.md"", ""topic-032-en.md"", ""topic-004-en.md""]","[""topic-049-en.md""]",1,0,1,0,2.0,0.0,0.0,0.0,"[""topic-049-ua.md""]",[],[],0.52129602861432,0.52129602861432,0.5,0.5,0.5,0.5,0.2,0.1,1.0,1.0,0.0,0.0,0.0,0.0,0.0,0.0,0.0,0.0,0.0,0.0
QUU0050,що таке Disaster Recovery план,uk,conceptual,ua_to_ua,4,2,5,0,"[""topic-050-ua.md"", ""topic-050-en.md"", ""topic-033-ua.md"", ""topic-032-ua.md"", ""topic-002-en.md""]",[],1,0,1,0,1.0,0.0,0.0,1.0,"[""topic-050-ua.md""]",[],[],0.8262346571285599,0.8262346571285599,0.5,0.5,1.0,1.0,0.2,0.2,1.0,1.0,0.0,0.0,0.0,0.0,0.0,0.0,0.0,0.0,0.0,0.0
QEE0050,what is Disaster Recovery plan,en,conceptual,en_to_en,3,2,5,1,"[""topic-050-en.md"", ""topic-050-ua.md"", ""topic-006-en.md"", ""topic-006-ua.md"", ""topic-002-en.md""]","[""topic-050-en.md""]",1,1,1,1,1.0,1.0,0.0,0.0,"[""topic-050-en.md""]","[""topic-050-en.md""]","[""topic-050-en.md""]",0.8262346571285599,0.8262346571285599,0.5,0.5,1.0,1.0,0.2,0.2,1.0,1.0,0.8262346571285599,0.8262346571285599,0.5,0.5,1.0,1.0,1.0,1.0,1.0,1.0
QUE0050,що таке Disaster Recovery план,uk,conceptual,ua_to_en,4,2,5,0,"[""topic-050-ua.md"", ""topic-050-en.md"", ""topic-033-ua.md"", ""topic-032-ua.md"", ""topic-002-en.md""]",[],1,0,1,0,2.0,0.0,0.0,1.0,"[""topic-050-en.md""]",[],[],0.52129602861432,0.52129602861432,0.5,0.5,0.5,0.5,0.2,0.2,1.0,1.0,0.0,0.0,0.0,0.0,0.0,0.0,0.0,0.0,0.0,0.0
QEU0050,what is Disaster Recovery plan,en,conceptual,en_to_ua,3,2,5,1,"[""topic-050-en.md"", ""topic-050-ua.md"", ""topic-006-en.md"", ""topic-006-ua.md"", ""topic-002-en.md""]","[""topic-050-en.md""]",1,0,1,0,2.0,0.0,0.0,0.0,"[""topic-050-ua.md""]",[],[],0.52129602861432,0.52129602861432,0.5,0.5,0.5,0.5,0.2,0.2,1.0,1.0,0.0,0.0,0.0,0.0,0.0,0.0,0.0,0.0,0.0,0.0
QNUU0001,як налаштувати TensorFlow на GPU,uk,no_answer,ua_to_ua,3,0,0,0,[],[],0,0,0,0,0.0,0.0,1.0,1.0,[],[],[],0.0,0.0,0.0,0.0,0.0,0.0,0.0,0.0,0.0,0.0,0.0,0.0,0.0,0.0,0.0,0.0,0.0,0.0,0.0,0.0
QNEE0001,how to configure TensorFlow on GPU,en,no_answer,en_to_en,4,0,4,0,"[""topic-034-en.md"", ""topic-009-en.md"", ""topic-012-en.md"", ""topic-014-en.md""]",[],0,0,0,0,0.0,0.0,0.0,1.0,[],[],[],0.0,0.0,0.0,0.0,0.0,0.0,0.0,0.0,0.0,0.0,0.0,0.0,0.0,0.0,0.0,0.0,0.0,0.0,0.0,0.0
QNUE0001,як налаштувати TensorFlow на GPU,uk,no_answer,ua_to_en,3,0,0,0,[],[],0,0,0,0,0.0,0.0,1.0,1.0,[],[],[],0.0,0.0,0.0,0.0,0.0,0.0,0.0,0.0,0.0,0.0,0.0,0.0,0.0,0.0,0.0,0.0,0.0,0.0,0.0,0.0
QNEU0001,how to configure TensorFlow on GPU,en,no_answer,en_to_ua,4,0,4,0,"[""topic-034-en.md"", ""topic-009-en.md"", ""topic-012-en.md"", ""topic-014-en.md""]",[],0,0,0,0,0.0,0.0,0.0,1.0,[],[],[],0.0,0.0,0.0,0.0,0.0,0.0,0.0,0.0,0.0,0.0,0.0,0.0,0.0,0.0,0.0,0.0,0.0,0.0,0.0,0.0
QNUU0002,як створити S3 сумісне сховище,uk,no_answer,ua_to_ua,4,0,2,0,"[""topic-017-ua.md"", ""topic-005-ua.md""]",[],0,0,0,0,0.0,0.0,0.0,1.0,[],[],[],0.0,0.0,0.0,0.0,0.0,0.0,0.0,0.0,0.0,0.0,0.0,0.0,0.0,0.0,0.0,0.0,0.0,0.0,0.0,0.0
QNEE0002,how to set up S3 compatible storage,en,no_answer,en_to_en,6,0,7,0,"[""topic-014-en.md"", ""topic-031-en.md"", ""topic-018-en.md"", ""topic-027-en.md"", ""topic-016-en.md"", ""topic-025-en.md"", ""topic-003-en.md""]",[],0,0,0,0,0.0,0.0,0.0,1.0,[],[],[],0.0,0.0,0.0,0.0,0.0,0.0,0.0,0.0,0.0,0.0,0.0,0.0,0.0,0.0,0.0,0.0,0.0,0.0,0.0,0.0
QNUE0002,як створити S3 сумісне сховище,uk,no_answer,ua_to_en,4,0,2,0,"[""topic-017-ua.md"", ""topic-005-ua.md""]",[],0,0,0,0,0.0,0.0,0.0,1.0,[],[],[],0.0,0.0,0.0,0.0,0.0,0.0,0.0,0.0,0.0,0.0,0.0,0.0,0.0,0.0,0.0,0.0,0.0,0.0,0.0,0.0
QNEU0002,how to set up S3 compatible storage,en,no_answer,en_to_ua,6,0,7,0,"[""topic-014-en.md"", ""topic-031-en.md"", ""topic-018-en.md"", ""topic-027-en.md"", ""topic-016-en.md"", ""topic-025-en.md"", ""topic-003-en.md""]",[],0,0,0,0,0.0,0.0,0.0,1.0,[],[],[],0.0,0.0,0.0,0.0,0.0,0.0,0.0,0.0,0.0,0.0,0.0,0.0,0.0,0.0,0.0,0.0,0.0,0.0,0.0,0.0
QNUU0003,як розробляти React компоненти,uk,no_answer,ua_to_ua,3,0,0,0,[],[],0,0,0,0,0.0,0.0,1.0,1.0,[],[],[],0.0,0.0,0.0,0.0,0.0,0.0,0.0,0.0,0.0,0.0,0.0,0.0,0.0,0.0,0.0,0.0,0.0,0.0,0.0,0.0
QNEE0003,how to develop React components,en,no_answer,en_to_en,4,0,1,0,"[""topic-024-en.md""]",[],0,0,0,0,0.0,0.0,0.0,1.0,[],[],[],0.0,0.0,0.0,0.0,0.0,0.0,0.0,0.0,0.0,0.0,0.0,0.0,0.0,0.0,0.0,0.0,0.0,0.0,0.0,0.0
QNUE0003,як розробляти React компоненти,uk,no_answer,ua_to_en,3,0,0,0,[],[],0,0,0,0,0.0,0.0,1.0,1.0,[],[],[],0.0,0.0,0.0,0.0,0.0,0.0,0.0,0.0,0.0,0.0,0.0,0.0,0.0,0.0,0.0,0.0,0.0,0.0,0.0,0.0
QNEU0003,how to develop React components,en,no_answer,en_to_ua,4,0,1,0,"[""topic-024-en.md""]",[],0,0,0,0,0.0,0.0,0.0,1.0,[],[],[],0.0,0.0,0.0,0.0,0.0,0.0,0.0,0.0,0.0,0.0,0.0,0.0,0.0,0.0,0.0,0.0,0.0,0.0,0.0,0.0
QNUU0004,як налаштувати RabbitMQ черги,uk,no_answer,ua_to_ua,3,0,0,0,[],[],0,0,0,0,0.0,0.0,1.0,1.0,[],[],[],0.0,0.0,0.0,0.0,0.0,0.0,0.0,0.0,0.0,0.0,0.0,0.0,0.0,0.0,0.0,0.0,0.0,0.0,0.0,0.0
QNEE0004,how to configure RabbitMQ queues,en,no_answer,en_to_en,4,0,4,0,"[""topic-034-en.md"", ""topic-009-en.md"", ""topic-012-en.md"", ""topic-014-en.md""]",[],0,0,0,0,0.0,0.0,0.0,1.0,[],[],[],0.0,0.0,0.0,0.0,0.0,0.0,0.0,0.0,0.0,0.0,0.0,0.0,0.0,0.0,0.0,0.0,0.0,0.0,0.0,0.0
QNUE0004,як налаштувати RabbitMQ черги,uk,no_answer,ua_to_en,3,0,0,0,[],[],0,0,0,0,0.0,0.0,1.0,1.0,[],[],[],0.0,0.0,0.0,0.0,0.0,0.0,0.0,0.0,0.0,0.0,0.0,0.0,0.0,0.0,0.0,0.0,0.0,0.0,0.0,0.0
QNEU0004,how to configure RabbitMQ queues,en,no_answer,en_to_ua,4,0,4,0,"[""topic-034-en.md"", ""topic-009-en.md"", ""topic-012-en.md"", ""topic-014-en.md""]",[],0,0,0,0,0.0,0.0,0.0,1.0,[],[],[],0.0,0.0,0.0,0.0,0.0,0.0,0.0,0.0,0.0,0.0,0.0,0.0,0.0,0.0,0.0,0.0,0.0,0.0,0.0,0.0
QNUU0005,як індексувати дані в Elasticsearch,uk,no_answer,ua_to_ua,3,0,2,0,"[""topic-030-ua.md"", ""topic-020-ua.md""]",[],0,0,0,0,0.0,0.0,0.0,1.0,[],[],[],0.0,0.0,0.0,0.0,0.0,0.0,0.0,0.0,0.0,0.0,0.0,0.0,0.0,0.0,0.0,0.0,0.0,0.0,0.0,0.0
QNEE0005,how to index data in Elasticsearch,en,no_answer,en_to_en,4,0,10,0,"[""topic-040-ua.md"", ""topic-040-en.md"", ""topic-045-en.md"", ""topic-045-ua.md"", ""topic-030-en.md"", ""topic-022-en.md"", ""topic-031-en.md"", ""topic-020-en.md"", ""topic-002-en.md"", ""topic-029-en.md""]",[],0,0,0,0,0.0,0.0,0.0,1.0,[],[],[],0.0,0.0,0.0,0.0,0.0,0.0,0.0,0.0,0.0,0.0,0.0,0.0,0.0,0.0,0.0,0.0,0.0,0.0,0.0,0.0
QNUE0005,як індексувати дані в Elasticsearch,uk,no_answer,ua_to_en,3,0,2,0,"[""topic-030-ua.md"", ""topic-020-ua.md""]",[],0,0,0,0,0.0,0.0,0.0,1.0,[],[],[],0.0,0.0,0.0,0.0,0.0,0.0,0.0,0.0,0.0,0.0,0.0,0.0,0.0,0.0,0.0,0.0,0.0,0.0,0.0,0.0
QNEU0005,how to index data in Elasticsearch,en,no_answer,en_to_ua,4,0,10,0,"[""topic-040-ua.md"", ""topic-040-en.md"", ""topic-045-en.md"", ""topic-045-ua.md"", ""topic-030-en.md"", ""topic-022-en.md"", ""topic-031-en.md"", ""topic-020-en.md"", ""topic-002-en.md"", ""topic-029-en.md""]",[],0,0,0,0,0.0,0.0,0.0,1.0,[],[],[],0.0,0.0,0.0,0.0,0.0,0.0,0.0,0.0,0.0,0.0,0.0,0.0,0.0,0.0,0.0,0.0,0.0,0.0,0.0,0.0
QDD0001,What is the best embedding model for multilingual search?,en,conceptual,en_to_en,5,1,10,0,"[""topic-035-en.md"", ""topic-036-en.md"", ""topic-048-en.md"", ""topic-045-en.md"", ""topic-040-ua.md"", ""topic-040-en.md"", ""topic-047-en.md"", ""topic-047-ua.md"", ""topic-038-ua.md"", ""topic-039-ua.md""]",[],1,0,1,0,1.0,0.0,0.0,1.0,"[""topic-035-en.md""]",[],[],1.0,1.0,1.0,1.0,1.0,1.0,0.2,0.1,1.0,1.0,0.0,0.0,0.0,0.0,0.0,0.0,0.0,0.0,0.0,0.0
QDD0002,Яка найкраща модель ембедінгів для багатомовного пошуку?,uk,conceptual,ua_to_ua,5,1,7,0,"[""topic-035-ua.md"", ""topic-036-ua.md"", ""topic-045-ua.md"", ""topic-048-ua.md"", ""topic-038-ua.md"", ""topic-039-ua.md"", ""topic-040-ua.md""]",[],1,0,1,0,1.0,0.0,0.0,1.0,"[""topic-035-ua.md""]",[],[],1.0,1.0,1.0,1.0,1.0,1.0,0.2,0.14285714285714285,1.0,1.0,0.0,0.0,0.0,0.0,0.0,0.0,0.0,0.0,0.0,0.0
QDD0003,Compare Docker build strategies for production,en,conceptual,en_to_en,5,1,7,0,"[""topic-001-ua.md"", ""topic-001-en.md"", ""topic-034-ua.md"", ""topic-034-en.md"", ""topic-002-en.md"", ""topic-002-ua.md"", ""topic-023-en.md""]",[],1,0,1,0,2.0,0.0,0.0,1.0,"[""topic-001-en.md""]",[],[],0.6309297535714574,0.6309297535714574,1.0,1.0,0.5,0.5,0.2,0.14285714285714285,1.0,1.0,0.0,0.0,0.0,0.0,0.0,0.0,0.0,0.0,0.0,0.0
QDD0004,Порівняння стратегій збірки Docker для продакшну,uk,conceptual,ua_to_ua,5,1,7,0,"[""topic-048-ua.md"", ""topic-034-ua.md"", ""topic-034-en.md"", ""topic-002-en.md"", ""topic-002-ua.md"", ""topic-001-ua.md"", ""topic-001-en.md""]",[],0,0,1,0,6.0,0.0,0.0,1.0,"[""topic-001-ua.md""]",[],[],0.0,0.3562071871080222,0.0,1.0,0.0,0.16666666666666666,0.0,0.14285714285714285,0.0,1.0,0.0,0.0,0.0,0.0,0.0,0.0,0.0,0.0,0.0,0.0
QDD0005,Kubernetes vs Nomad for container orchestration,en,conceptual,en_to_en,5,1,10,0,"[""topic-034-ua.md"", ""topic-034-en.md"", ""topic-002-en.md"", ""topic-002-ua.md"", ""topic-004-ua.md"", ""topic-004-en.md"", ""topic-003-ua.md"", ""topic-003-en.md"", ""topic-001-ua.md"", ""topic-001-en.md""]",[],0,0,1,0,8.0,0.0,0.0,1.0,"[""topic-003-en.md""]",[],[],0.0,0.3154648767857287,0.0,1.0,0.0,0.125,0.0,0.1,0.0,1.0,0.0,0.0,0.0,0.0,0.0,0.0,0.0,0.0,0.0,0.0
QDD0006,Kubernetes чи Nomad для оркестрації контейнерів,uk,conceptual,ua_to_ua,4,1,6,0,"[""topic-004-ua.md"", ""topic-004-en.md"", ""topic-003-ua.md"", ""topic-003-en.md"", ""topic-049-en.md"", ""topic-049-ua.md""]",[],1,0,1,0,3.0,0.0,0.0,1.0,"[""topic-003-ua.md""]",[],[],0.5,0.5,1.0,1.0,0.3333333333333333,0.3333333333333333,0.2,0.16666666666666666,1.0,1.0,0.0,0.0,0.0,0.0,0.0,0.0,0.0,0.0,0.0,0.0
QDD0007,Best monitoring stack for production infrastructure,en,conceptual,en_to_en,5,1,5,0,"[""topic-009-en.md"", ""topic-006-en.md"", ""topic-032-en.md"", ""topic-006-ua.md"", ""topic-015-en.md""]",[],1,0,1,0,1.0,0.0,0.0,1.0,"[""topic-009-en.md""]",[],[],1.0,1.0,1.0,1.0,1.0,1.0,0.2,0.2,1.0,1.0,0.0,0.0,0.0,0.0,0.0,0.0,0.0,0.0,0.0,0.0
QDD0008,Найкращий стек моніторингу для продакшн інфраструктури,uk,conceptual,ua_to_ua,5,1,2,0,"[""topic-015-ua.md"", ""topic-006-ua.md""]",[],0,0,0,0,0.0,0.0,0.0,1.0,[],[],[],0.0,0.0,0.0,0.0,0.0,0.0,0.0,0.0,0.0,0.0,0.0,0.0,0.0,0.0,0.0,0.0,0.0,0.0,0.0,0.0
